head/coords/0,head/coords/1,lankle/coords/0,lankle/coords/1,lelbow/coords/0,lelbow/coords/1,lhip/coords/0,lhip/coords/1,lknee/coords/0,lknee/coords/1,lshoulder/coords/0,lshoulder/coords/1,lwrist/coords/0,lwrist/coords/1,pelvis/coords/0,pelvis/coords/1,rankle/coords/0,rankle/coords/1,relbow/coords/0,relbow/coords/1,rhip/coords/0,rhip/coords/1,rknee/coords/0,rknee/coords/1,rshoulder/coords/0,rshoulder/coords/1,rwrist/coords/0,rwrist/coords/1,thorax/coords/0,thorax/coords/1,upperneck/coords/0,upperneck/coords/1
278.4694099,34.87781504,317.800007,415.1020909,384.4388582,117.0589446,314.2566298,241.0152051,323.4122086,335.7217216,314.3826867,116.7425536,449.570656,103.2412339,301.3020134,239.4446182,275.7515142,434.0622995,265.0132563,127.3839571,291.6623309,251.0993574,285.4850579,339.2520333,268.386631,122.5238803,291.6316986,109.0858842,286.1086464,115.7552717,292.4437907,96.8322752
278.5246656,34.74056256,317.8220941,415.1374438,384.4082643,117.4930573,314.1428563,241.039257,323.4510042,335.5899622,314.3192294,117.3163226,449.5145037,103.7996294,301.3993453,239.4637683,275.722256,433.9521792,263.410816,127.10968,291.6744038,251.1777306,285.4082298,339.224224,268.4523008,122.346039,286.6678048,109.2504883,286.8124768,116.1257171,292.4260518,97.22198464
278.4788134,34.69013184,317.8217696,415.1633741,384.3338778,117.9913331,314.0094758,240.990505,323.5050202,335.3997613,314.3099405,117.8754426,449.2471693,104.5488736,301.4785766,239.4293978,275.6958963,433.8444134,261.2601664,126.6967008,291.6889382,251.2579917,285.3344346,339.2572595,268.5273741,122.1138381,280.2180864,109.3024064,287.5172998,116.5231322,292.3727987,97.66181952
278.3347891,34.76638784,317.7928352,415.1795482,384.202576,118.5323334,313.8838003,240.8542253,323.5741043,335.1594925,314.3719482,118.3579251,448.7313459,105.4757312,301.521168,239.3246458,275.6744384,433.7477306,258.5770605,126.1701203,291.6805267,251.3215827,285.2731898,339.3663027,268.5957907,121.8409728,272.4278259,109.2530822,288.144665,116.909065,292.282505,98.11210624
278.1147955,34.99408704,317.7330208,415.1892947,384.0013888,119.0970227,313.8000294,240.6274989,323.6580659,334.8855974,314.5183757,118.7102125,447.9523469,106.5527725,301.511936,239.1400909,275.6578829,433.669577,255.4278374,125.5799866,291.6184045,251.3489152,285.2339744,339.5585632,268.6439514,121.5478515,263.5651776,109.1549299,288.625927,117.2433856,292.1625709,98.5285568
277.8552243,35.37368768,317.6446912,415.199337,383.7174605,119.673424,313.7928198,240.3211974,323.7574003,334.6003341,314.7571942,118.8971712,446.9189453,107.7434918,301.4430048,238.8768768,275.6436346,433.6155034,251.9261363,124.9965286,291.4736941,251.3239859,285.2251622,339.8309709,268.6660192,121.2580109,253.9848134,109.1005325,288.9167974,117.4911501,292.0305062,98.8701248
277.5975802,35.87596864,317.5344467,415.2182291,383.3386611,120.258217,313.8897702,239.9591443,323.8733293,334.3282701,315.0901222,118.9071654,445.6587219,109.0087507,301.3166618,238.5476301,275.6267168,433.5888864,248.2216454,124.501152,291.227913,251.2385939,285.2531814,340.1698496,268.6655616,120.992279,244.0798566,109.2116166,289.0055654,117.6285933,291.9126893,99.10545344
277.3783302,36.44321472,317.4114989,415.2542112,382.855072,120.8545683,314.1051866,239.5742797,324.0070342,334.0924454,315.5111885,118.7511827,444.2094803,110.3112032,301.1459731,238.174553,275.6010438,433.5905459,244.4807814,124.175072,290.8792307,251.0946848,285.3220365,340.5519296,268.652649,120.7632826,234.2319296,109.6181869,288.9133069,117.6464845,291.8404768,99.21676608
277.220535,36.99760448,317.2860339,415.3130342,382.2613146,121.4676282,314.4372365,239.202919,324.1583251,333.9109613,316.0051347,118.4566496,442.6094054,111.6179654,300.952873,237.7851104,275.5615616,433.6182784,240.8623315,124.086151,290.4449274,250.9041786,285.4333306,340.9472845,268.6379245,120.5704115,224.768791,110.4325101,288.6864474,117.5498963,291.8450163,99.19982912
277.1296883,37.4551392,317.1679878,415.396471,381.5588378,122.0994566,314.8686982,238.8782502,324.3244173,333.7944224,316.5467072,118.0590438,440.8889005,112.901497,300.7643699,237.4067686,275.5065344,433.6664774,237.4931142,124.2767334,289.9590682,250.6863974,285.5862048,341.3232806,268.6267661,120.3977587,215.9360122,111.7245485,288.3849907,117.3554995,291.9515802,99.06181312
277.0947072,37.74223296,317.0663834,415.501833,380.756912,122.7455136,315.3705216,238.6239622,324.498825,333.7446022,317.1012307,117.5944902,439.0646362,114.1395949,300.607929,237.0620346,275.4386522,433.7265395,234.4493485,124.755287,289.4664954,250.464096,285.776825,341.648903,268.6159706,120.2157971,207.8857613,113.5054778,288.0694387,117.0871738,292.174473,98.81862656
277.0931622,37.81082176,316.9888499,415.6222918,379.8703386,123.394089,315.9066771,238.4502413,324.6709824,333.7552832,317.6271437,117.0951462,437.1381376,115.3159712,300.5066298,236.7650989,275.3646848,433.7879469,231.7479514,125.494423,289.0148736,250.2590182,285.9978675,341.89888,268.5944941,119.9876787,200.6809997,115.7240294,287.7898022,116.7717741,292.5141338,98.49212672
277.099056,37.64823936,316.9405939,415.747776,378.9144518,124.0280915,316.4391136,238.3525466,324.8265459,333.8150406,318.080311,116.588135,435.0970458,116.4218522,300.4749677,236.5205005,275.2930067,433.8398931,229.3498995,126.4365766,288.6456678,250.0881389,286.2380794,342.0565606,268.5474778,119.6788403,194.3097306,118.2757952,287.5785638,116.4354323,292.9564474,98.108368
277.089863,37.27939584,316.9235232,415.8661363,377.8984832,124.6292493,316.9322016,238.3134842,324.9482342,333.910599,318.420048,116.0967258,432.9195782,117.4576186,300.5160902,236.3241574,275.23056,433.8729382,227.1744154,127.5057984,288.3858682,249.960823,286.4826963,342.1157075,268.4621619,119.2670438,188.7038234,121.0219955,287.4482918,116.1013414,293.4752083,97.69592256
277.0514106,36.76113152,316.9353869,415.9642029,376.8198016,125.182953,317.3568154,238.307991,325.0182342,334.0291974,318.6152646,115.6418227,430.5801773,118.4338758,300.621033,236.1654662,275.1801299,433.8803098,225.1212691,128.6223219,288.2415392,249.8776819,286.7144205,342.0808602,268.3332826,118.7500762,183.7588499,123.8131712,287.3937798,115.7880781,294.0363309,97.28443136
276.9798662,36.17000576,316.9700243,416.0290144,375.661392,125.6825254,317.6933478,238.3094022,325.0210573,334.1584966,318.6500358,115.2425005,428.0560685,119.3702701,300.7703206,236.0312653,275.1394842,433.8588717,223.0956077,129.7158816,288.1958579,249.8308947,286.9150733,341.9663046,268.1660077,118.1476973,179.3526458,126.5116883,287.397232,115.5091098,294.6032525,96.90250368
276.8810656,35.58677696,317.0182803,416.0492326,374.3934253,126.1318208,317.9331782,238.2964326,324.9474336,334.2848397,318.5264966,114.9145888,425.3327942,120.2921677,300.9376909,235.909271,275.1023674,433.8095853,221.0297203,130.7339859,288.212471,249.8064992,287.067127,341.793785,267.9758835,117.4977875,175.3617856,129.0102003,287.4344064,115.2728269,295.1417542,96.5756608
276.768608,35.08098624,317.0695117,416.0169888,372.9776762,126.5451814,318.0777171,238.2581709,324.7968672,334.3920326,318.2640454,114.6680448,422.4080275,121.2250522,301.094761,235.7923891,275.0606726,433.7373734,218.8969421,131.644592,288.2443046,249.7883795,287.1556474,341.589527,267.7859494,116.8474963,171.6753958,131.2428666,287.4801824,115.0831987,295.6235315,96.32350912
276.6613005,34.69882944,317.1128461,415.9296512,371.373863,126.9448474,318.1352045,238.1976698,324.5787814,334.4631955,317.8949165,114.504585,419.2934035,122.1886061,301.2155725,235.6818387,275.0072858,433.6504269,216.714935,132.4330522,288.245392,249.7633933,287.1701242,341.3803674,267.6222227,116.242256,168.2054899,133.1889722,287.5124934,114.9407194,296.0280038,96.15810368
276.5807533,34.45701568,317.1384051,415.7910726,369.5463181,127.3565677,318.1168557,238.1323245,324.3109894,334.4861414,317.4572947,114.4165805,416.0139085,123.1916806,301.280041,235.588951,274.9381638,433.5589696,214.5391085,133.0968474,288.1817434,249.7263526,287.1067046,341.1900518,267.5089453,115.7161715,164.8934938,134.8690413,287.5148966,114.8442842,296.3427354,96.08222976
276.5495302,34.34322368,317.1384237,415.6116294,367.4710848,127.8043744,318.0340576,238.0911258,324.0159987,334.4608877,316.988487,114.388695,412.6064301,124.2297363,301.2759782,235.534439,274.8538208,433.473959,212.4490931,133.6410906,288.0383302,249.6828845,286.9701197,341.0357286,267.4644467,115.2857971,161.7119597,136.3352966,287.4783898,114.7923277,296.5633395,96.0893632
276.5894509,34.3226624,317.1085741,415.4070662,365.1443482,128.30616,317.8978918,238.1089018,323.7164691,334.4056128,316.5199853,114.4010541,409.1180038,125.2854918,301.2003136,235.5444333,274.7597696,433.4058669,210.5321504,134.0758515,287.8198816,249.6488,286.7750547,340.9256742,267.498169,114.9488832,158.6621664,137.6589965,287.4024198,114.7840122,296.692848,96.16447424
276.7193222,34.34913664,317.0494842,415.1959994,362.590103,128.8698195,317.7206227,238.2180403,323.4315488,334.3574522,316.0756493,114.433136,405.6052019,126.3319398,301.0594752,235.6440352,274.6658515,433.3635328,208.8672256,134.4166182,287.5468256,249.6462253,286.5460205,340.8590317,267.6085088,114.6880723,155.7685754,138.9160922,287.2952845,114.8192218,296.7407034,96.28612544
276.9515994,34.37664,316.967449,414.9967098,359.865799,129.4917677,317.5178144,238.439865,323.1746291,334.3655776,315.6721306,114.4671251,402.1339418,127.3369978,300.8685683,235.8499142,274.5844077,433.3531949,207.5121114,134.6849062,287.2481158,249.6969984,286.3148499,340.8275603,267.7820397,114.4778445,153.0709741,140.1740646,287.1727565,114.8978426,296.7209626,96.42963392
277.2879603,34.36882048,316.874256,414.8240474,357.0623014,130.156441,317.309017,238.778,322.9533005,334.4780538,315.3205491,114.4897082,398.778839,128.2691194,300.6493184,236.1640928,274.5274925,433.3778189,206.4949037,134.9083712,286.9536589,249.8159411,286.1157037,340.8189773,267.9943277,114.293175,150.616064,141.4811328,287.0549581,115.0180435,296.6500666,96.5703584
277.7147482,34.30442816,316.7852211,414.6873094,354.2968371,130.838089,317.1162989,239.2151258,322.7703098,334.7263142,315.0276563,114.4924928,395.6209562,129.1020582,300.426407,236.5709306,274.5038413,433.4370234,205.8110618,135.1184083,286.6878317,250.0058746,285.9782413,340.820713,268.2131955,114.1165926,148.4491731,142.859497,286.9617843,115.1743699,296.5447424,96.68693568
278.2007789,34.1779328,316.7162707,414.589472,351.699104,131.503639,316.9604685,239.7148896,322.6247405,335.1132205,314.7959136,114.4714739,392.7429965,129.8183821,300.2227213,237.0381165,274.516487,433.5274317,205.4260634,135.3458784,286.4658739,250.256233,285.9206963,340.8226202,268.4043315,113.9421082,146.6073325,144.3035507,286.9080544,115.3567885,296.4204787,96.76395392
278.6992454,33.99742144,316.6804506,414.5277402,349.3928525,132.1173478,316.8566323,240.2282144,322.5132371,335.6087878,314.6228218,114.4258496,390.2224352,130.4112243,300.0547219,237.5225446,274.5617101,433.6431693,205.2832032,135.6157306,286.2924768,250.5454253,285.9453395,340.8183098,268.5382842,113.7748717,145.1142502,145.782585,286.8997958,115.5505754,296.2908173,96.7932128
279.1542246,33.78051776,316.6845702,414.495001,347.477417,132.6459501,316.8106458,240.7031443,322.4306106,336.155319,314.5002368,114.3569184,388.1234739,130.8840563,299.9287603,237.9784774,274.6298029,433.7763405,205.3142547,135.9424589,286.1628915,250.8460998,286.0372352,340.8045958,268.596935,113.626976,143.9772986,147.2472384,286.9329837,115.7383731,296.167145,96.77421568
279.5104979,33.54999552,316.7276,414.4817926,346.0129926,133.0638125,316.8174931,241.0952378,322.3702624,336.6802598,314.4146726,114.2676928,386.4888762,131.2488557,299.8398592,238.3666995,274.7072794,433.9173984,205.4506682,136.3271334,286.0652736,251.131344,286.1670874,340.7801626,268.5772134,113.5122682,143.1862163,148.6382675,286.9949722,115.9028627,296.0588454,96.7131424
279.7242163,33.32946752,316.8006899,414.4783974,345.0136186,133.3569338,316.8622778,241.3759424,322.324791,337.1127699,314.3486784,114.1627123,385.3340909,131.5232083,299.7733498,238.6617658,274.780121,434.0555859,205.6324768,136.7572787,285.9844781,251.3799667,286.2973024,340.7446099,268.4907533,113.441353,142.7136038,149.8957824,287.068119,116.0304262,295.9729382,96.62158976
279.7715571,33.1397248,316.8892288,414.4767859,344.4491194,133.5246656,316.9236186,241.5367507,322.287216,337.3993875,314.2835238,114.0486528,384.6443558,131.7269517,299.7094342,238.8552474,274.8366931,434.1796685,205.813904,137.2086714,285.9064102,251.5792467,286.3902662,340.6977466,268.35968,113.4184262,142.5175098,150.9677504,287.1339226,116.1137389,295.9133146,96.51428224
279.6536634,32.99556736,316.9762042,414.4723322,344.2545702,133.5790637,316.978512,241.5884973,322.2522733,337.514496,314.2023846,113.9344787,384.3761824,131.8785856,299.6294022,238.9546586,274.8701478,434.2791366,205.9654618,137.6495744,285.8222771,251.7249107,286.4168928,340.6399917,268.2102586,113.4410477,142.5459763,151.8159866,287.1765901,116.1529542,295.879879,96.40708928
279.3966483,32.90405248,317.0456698,414.4648077,344.3454746,133.5418701,317.0075987,241.556759,322.217369,337.4636838,314.0938374,113.8313677,384.4627002,131.9929504,299.5214656,238.9789197,274.879303,434.3454554,206.0734176,138.0455398,285.7311251,251.818905,286.363239,340.5727386,268.066368,113.5010912,142.7429011,152.4198534,287.1856499,116.1549376,295.8680346,96.31450624
279.0462874,32.86369344,317.0856858,414.4584563,344.6344755,133.4404755,316.9996454,241.4748384,322.182121,337.2796058,313.9550784,113.7510682,384.8219302,132.079849,299.3842317,238.9521024,274.8680877,434.3733408,206.1374285,138.3650592,285.6396672,251.8663597,286.2334822,340.4989434,267.9449466,113.5869978,143.0543424,152.7766797,287.1570394,116.1307142,295.869255,96.2475584
278.6591341,32.86506624,317.0901677,414.4608307,345.0466157,133.3032224,316.9537926,241.3761901,322.1474074,337.011833,313.7936973,113.7039187,385.3668211,132.1443174,299.2271994,238.8970182,274.8437312,434.3614099,206.1674502,138.5840986,285.5597306,251.8728448,286.0483552,340.4234125,267.8539085,113.6863328,143.4338189,152.9000858,287.092953,116.0920333,295.872631,96.2118912
278.2919309,32.8926848,317.059536,414.4806483,345.5297088,133.1555174,316.8795206,241.2879565,322.1142957,336.7132947,313.6272237,113.696327,386.014137,132.1886061,299.0682221,238.830528,274.814377,434.3122957,206.1800384,138.6899949,285.5045888,251.8426131,285.8398246,340.3527834,267.7931782,113.7880326,143.8458157,152.816887,287.0006182,116.0483552,295.8670618,96.2070464
277.9919814,32.92823808,317.000103,414.5250323,346.0577011,133.0169677,316.7941286,241.2261965,322.0834733,336.4267923,313.479977,113.7294387,386.6917798,132.2138976,298.9295386,238.7607955,274.7867392,434.2320346,206.1946106,138.6829376,285.485401,251.7781446,285.6433485,340.2952384,267.7573203,113.8840864,144.2665101,152.5633619,286.8903162,116.0045242,295.8432198,96.22699712
277.7901459,32.95436864,316.9227603,414.5969965,346.6267392,132.8998566,316.7185786,241.1939046,322.0560077,336.1748883,313.3775904,113.798103,387.3429869,132.2224806,298.8330842,238.6871341,274.764519,434.1289997,206.2295917,138.575897,285.5089952,251.6805651,285.4900742,340.2593613,267.7390099,113.9700698,144.6820352,152.1817395,286.773033,115.960617,295.7951738,96.26216896
277.6978112,32.9587552,316.8407821,414.693527,347.2456742,132.8088,316.6726874,241.1812589,322.0342253,335.9560582,313.3408736,113.8915251,387.9278566,132.2180941,298.7963866,238.601456,274.7478867,434.0126611,206.2989043,138.3918765,285.5770304,251.5508653,285.4003718,340.252857,267.7321434,114.0448762,145.0848486,151.7168045,286.658592,115.9126285,295.7212832,96.30168896
277.7078054,32.9370496,316.7677306,414.8049165,347.9243469,132.7417376,316.6707994,241.1681363,322.0220947,335.7475661,313.3805082,113.9939878,388.423424,132.2054291,298.8295936,238.491287,274.7340013,433.8924122,206.4087488,138.1601715,285.6863021,251.3913152,285.3807258,340.2805901,267.7334214,114.1093446,145.4701139,151.2121203,286.5540314,115.8543014,295.6245613,96.3359072
277.7986906,32.89401984,316.7152403,414.9157427,348.6632538,132.6909254,316.7190554,241.1281011,322.0252992,335.5144691,313.4942816,114.0870285,388.8235475,132.1878054,298.9340019,238.3429338,274.7182848,433.7764166,206.5560915,137.9108813,285.829735,251.2067411,285.4240608,340.3431322,267.7425766,114.1646573,145.8336928,150.7059482,286.4631846,115.7790758,295.5126189,96.35787968
277.9410746,32.84290304,316.6913798,415.0075245,349.4487763,132.6441958,316.8141939,241.0334586,322.0500563,335.2219008,313.6669542,114.1518022,389.1397094,132.164345,299.1020966,238.1447981,274.6962355,433.6708544,206.7287827,137.6694867,285.9978483,251.0049818,285.5131341,340.4356768,267.7612307,114.2104723,146.1731437,150.2259443,286.3869664,115.6818387,295.3971674,96.3643648
278.1043053,32.80239104,316.699543,415.0628755,350.2546694,132.5861357,316.9444275,240.860729,322.1015546,334.8476794,313.8731194,114.172096,389.4032288,132.1269229,299.3188858,237.8899002,274.6648595,433.5795021,206.9084358,137.4517062,286.1800768,250.796089,285.6257632,340.5483053,267.7911187,114.2436979,146.4916608,149.7836685,286.3245581,115.5598067,295.2932166,96.35524736
278.2620813,32.79205312,316.7380902,415.0701619,351.0499955,132.4990842,317.0921133,240.595913,322.182007,334.391632,314.0823174,114.1374208,389.6672819,132.0582202,299.5642093,237.5777434,274.6236422,433.5039712,207.0753286,137.2600934,286.3656998,250.5911066,285.7402419,340.6672288,267.8323174,114.258423,146.8041229,149.369545,286.2750054,115.4129792,295.2175142,96.332512
278.3963776,32.82722496,316.8008038,415.0273798,351.8104934,132.3641203,317.2375488,240.2389523,322.2892,333.8796614,314.2654227,114.0457536,390.0080493,131.9317248,299.8157882,237.2158432,274.5747373,433.4443571,207.2154234,137.0827482,286.5448186,250.4002573,285.8397677,340.7774163,267.8822515,114.2469408,147.1430304,148.949776,286.23888,115.2441408,295.1862528,96.29878976
278.4990118,32.91469568,316.8784525,414.9439904,352.528992,132.1630099,317.3632051,239.805641,322.4167251,333.3608243,314.4010925,113.9048384,390.5214688,131.714096,300.0525094,236.8200301,274.5226861,433.3999635,207.3274042,136.8946074,286.7094995,250.2315712,285.9150125,340.8652115,267.9358483,114.201431,147.5622464,148.4670259,286.2192346,115.0587462,295.2121734,96.25614144
278.5713958,33.05118592,316.9606592,414.8400019,353.2216262,131.8805312,317.4570272,239.3257907,322.5560762,332.897625,314.4809914,113.7314989,391.315079,131.3699725,300.2575302,236.4131162,274.4736102,433.3697894,207.4285126,136.6616442,286.8551635,250.0895885,285.9646227,340.9207725,267.986889,114.1166304,148.1364058,147.8455354,286.2210272,114.8645402,295.3012275,96.20567296
278.6229133,33.22486848,317.0378874,414.7424224,353.9270784,131.5068051,317.514,238.83728,322.6999283,332.5513459,314.5125197,113.5488512,392.4942778,130.8680723,300.4202464,236.0217286,274.4342611,433.3525562,207.5567629,136.3470458,286.9816781,249.9739648,285.9939763,340.9395219,268.029785,113.9918899,148.9559366,147.000809,286.2491034,114.670944,295.449753,96.14810944
278.6681747,33.41983808,317.1028326,414.6796608,354.6997453,131.0399245,317.535744,238.3778765,322.8452685,332.3667526,314.5186042,113.3812333,394.1450118,130.1876832,300.5366138,235.6712723,274.4109344,433.3463955,207.7688979,135.9185792,287.0928954,249.8784448,286.0124781,340.9226989,268.0610278,113.8325498,150.1187418,145.8527373,286.3056563,114.487991,295.6429293,96.08478528
278.7233542,33.62228416,317.1510317,414.6754739,355.5990221,130.4867174,317.5283622,237.9769133,322.9938886,332.3604013,314.534359,113.2490157,396.317024,129.323616,300.6077382,235.3804781,274.4084166,433.3483789,208.1338694,135.3562163,287.1943091,249.7903059,286.0301587,340.8771514,268.079319,113.651047,151.7212294,144.3402861,286.3878438,114.3251802,295.8551405,96.0193632
278.8021088,33.82560704,317.1804806,414.7437286,356.6790387,129.8623277,317.4995616,237.650032,323.1501773,332.5166323,314.6011546,113.1639859,399.0124896,128.2886125,300.6371501,235.1578906,274.4293786,433.354025,208.7233734,134.6577837,287.2895622,249.6917722,286.0545728,340.8141709,268.0839923,113.4667206,153.8508128,142.4346163,286.4872742,114.190407,296.052704,95.95825216
278.9118195,34.03213504,317.1905139,414.8852826,357.9804614,129.1875078,317.4559213,237.3983763,323.3166125,332.7922822,314.7590445,113.1277082,402.182617,127.1123123,300.6283763,235.0014496,274.4740678,433.357239,209.6016883,133.8412096,287.3773766,249.5637318,286.0887718,340.7473184,268.0729101,113.3053971,156.5813446,140.1480486,286.5914918,114.0891264,296.198807,95.91022464
279.0515136,34.25041216,317.1807482,415.0876141,359.5259475,128.4844589,317.4010656,237.212448,323.4902573,333.128624,315.0385856,113.1320954,405.7344819,125.8364102,300.5836102,234.9015424,274.5406912,433.3508685,210.8177568,132.9428864,287.4514771,249.3915366,286.1309242,340.6897734,268.0404851,113.1977843,159.9712275,137.5372698,286.6871264,114.0246202,296.2597274,95.88451392
279.211712,34.48867776,317.1503642,415.3273011,361.3172147,127.7729037,317.3347283,237.0788192,323.6609651,333.4666445,315.453911,113.1627654,409.5445254,124.5071411,300.5045888,234.8465728,274.6259117,433.3282758,212.4013139,132.0120621,287.5035098,249.1711046,286.1754227,340.6515885,267.9778669,113.1767654,164.0630534,134.7005082,286.7642976,113.9987565,296.2113382,95.88836672
279.376297,34.74704768,317.098503,415.574503,363.334503,127.0668032,317.2529984,236.9874189,323.813248,333.7605286,315.9983251,113.2035443,413.4766387,123.1673434,300.3945158,234.8286822,274.7255136,433.2855603,214.3638419,131.1030963,287.5281146,248.913193,286.2148666,340.6377984,267.8750989,113.2737734,168.8838003,131.768608,286.8204877,114.0133286,296.0441779,95.92456832
279.5261382,35.01247424,317.0256422,415.7983782,365.5366899,126.373367,317.1496774,236.9368742,323.9301683,333.9861491,316.6435245,113.2408141,417.4002458,121.8498611,300.2605056,234.8474118,274.8348614,433.2236768,216.7032435,130.2671814,287.5274086,248.6436461,286.2425421,340.6476973,267.7255437,113.5143283,174.4444275,128.8916013,286.863136,114.0707398,295.7659718,95.99037184
279.6436499,35.25836928,316.9352339,415.9724902,367.8639987,125.6940845,317.0179942,236.935959,323.9980314,334.1425325,317.3427008,113.2680128,421.2047578,120.5746842,300.1149747,234.9102784,274.9491885,433.1495091,219.4096563,129.5454406,287.5124166,248.3990099,286.2539866,340.6749344,267.5309946,113.913689,180.7382394,126.2223437,286.9098662,114.1736986,295.4011347,96.07696512
279.7183226,35.44956224,316.8348883,416.0789965,370.2423859,125.027008,316.8525312,237.0008467,324.0098189,334.2476461,318.0364416,113.2878874,424.8078157,119.3495558,299.9749568,235.0299072,275.0636102,433.0753709,222.4691008,128.9639661,287.5006291,248.2189562,286.2477875,340.708656,267.3064422,114.4729997,187.7377318,123.8975142,286.9857978,114.3232346,294.9872781,96.17080704
279.7517395,35.55053696,316.7360307,416.1111738,372.5894547,124.3695066,316.6502381,237.1497728,323.9663315,334.3303296,318.6604691,113.3133318,428.1563187,118.1739424,299.8591232,235.2195738,275.1726534,433.016672,225.8628461,128.5306547,287.5108909,248.1371686,286.2249376,340.7350157,267.0823098,115.176201,195.3900147,122.0188902,287.1180915,114.5160294,294.5696832,96.25568384
279.7612954,35.53470592,316.6520122,416.074009,374.8218157,123.7202451,316.4106752,237.3954394,323.8752365,334.4206426,319.1537286,113.3647917,431.2219238,117.0443725,299.7837638,235.4875181,275.2699469,432.9886246,229.5619962,128.2342528,287.5579264,248.1733894,286.1877062,340.7392691,266.9021798,115.9885408,203.612423,120.637207,287.3283194,114.7409056,294.1942406,96.31542208
279.7807885,35.39180736,316.5951539,415.9827802,376.8634413,123.0802534,316.1358259,237.737961,323.7487795,334.540672,319.4662669,113.464432,433.9934918,115.959015,299.7586253,235.83168,275.3479386,433.0027008,233.5195923,128.0458451,287.6488685,248.3276749,286.1384966,340.7082938,266.8157389,116.8574522,212.2900006,119.7427366,287.6245882,114.9769971,293.9001082,96.3368608
279.8566816,35.13206464,316.5738106,415.8600806,378.6541747,122.4534605,315.8303072,238.159561,323.6013792,334.6976659,319.5658496,113.628464,436.4703366,114.920311,299.7846605,236.2357331,275.3987501,433.0641651,237.664375,127.9238893,287.7829549,248.5785677,286.0793114,340.6331827,266.8677139,117.7171328,221.277504,119.2664339,287.995033,115.1938246,293.7134362,96.3127136
280.0395014,34.78557568,316.5904237,415.7316685,380.1566694,121.8455507,315.501785,238.6232378,323.4481811,334.8812864,319.4431302,113.8591002,438.6576461,113.9349363,299.8539546,236.6682054,275.4159738,433.1710528,241.899719,127.8223802,287.9537203,248.8854029,286.0123059,340.51136,267.0862387,118.4966278,230.4070662,119.093056,288.4052275,115.3543091,293.643856,96.2432096
280.3715706,34.39750656,316.6407584,415.6217958,381.3598253,121.2623981,315.161495,239.0759277,323.3040998,335.0663757,319.1144941,114.1395949,440.5648038,113.0114362,299.9516678,237.0849606,275.396919,433.314457,246.1096954,127.7016448,288.1522176,249.1952896,285.9406093,340.3478048,267.4739456,119.1312787,239.5012282,119.0837094,288.8007354,115.4206086,293.6845587,96.1366272
280.8741952,34.02004224,316.7147827,415.5488774,382.2778323,120.7080461,314.8238182,239.4568634,323.1827546,335.2199174,318.6219597,114.434471,442.2053146,112.156944,300.0591469,237.4358752,275.3441242,433.4800243,250.17128,127.5382234,288.3694266,249.4529914,285.8690259,340.1549146,268.0048941,119.5750048,248.3883098,119.1031648,289.115143,115.3615949,293.816185,96.00772864
281.537552,33.70304128,316.7985728,415.5224992,382.9448698,120.1838304,314.505367,239.7090528,323.095207,335.3100589,318.0292512,114.6963501,443.5972595,111.374855,300.1575469,237.6743315,275.2653504,433.6499885,253.969383,127.3305133,288.5969542,249.6122554,285.8040237,339.9505997,268.6281587,119.8104096,256.9163898,119.0444947,289.2823411,115.1610182,294.0127565,95.87581632
282.316761,33.48556544,316.8772314,415.5425741,383.4075162,119.6885299,314.2236518,239.7920992,323.0484006,335.3143501,317.4141696,114.8773574,444.7626112,110.6638336,300.2313997,237.767639,275.171833,433.8055994,257.4112512,127.0975494,288.8264275,249.645481,285.7527731,339.7552493,269.2775725,119.8539731,264.962921,118.8455962,289.2511558,114.8237229,294.248409,95.76198592
283.1359482,33.38939648,316.9381715,415.6008243,383.7168122,119.2197037,313.9961818,239.6927264,323.0441664,335.2249338,316.8576813,114.9417875,445.7259366,110.018921,300.2716448,237.7053453,275.0758746,433.9295866,260.4372595,126.8717574,289.0482522,249.5492934,285.7219699,339.5879552,269.884777,119.7548294,272.439289,118.4934618,288.9988902,114.3782803,294.5025446,95.68588288
283.9002797,33.41598528,316.9737434,415.6838419,383.9211654,118.7754438,313.839817,239.4302368,323.0790714,335.0501632,316.4315226,114.8752211,446.5124896,109.4332883,300.2772333,237.5031661,274.988384,434.0085222,263.0266573,126.6875078,289.250679,249.344711,285.7167622,339.4630816,270.3919981,119.5861434,279.2909619,118.0168154,288.5403635,113.8745882,294.7625158,95.66268928
284.5135686,33.54724864,316.9826701,415.7766342,384.0609357,118.3556749,313.7693594,239.0542982,323.1452563,334.8125459,316.1861421,114.6873856,447.1458432,108.9008333,300.2549555,237.2008134,274.917145,434.0346336,265.1973344,126.5703962,289.4200896,249.0717318,285.7400704,339.3881606,270.7608602,119.4309235,285.4942893,117.470169,287.9284096,113.375664,295.0229075,95.7000352
284.8970413,33.75007616,316.9696045,415.8656499,384.1648864,117.9634093,313.7951853,238.6352538,323.2316973,334.5440672,316.1422349,114.4080352,447.6457594,108.4181594,300.2169037,236.8540576,274.8657798,434.0070438,266.9995501,126.5303424,289.5423123,248.7804416,285.7923699,339.3634413,270.9751891,119.364967,291.0510445,116.914711,287.2449491,112.9462054,295.2820966,95.79582208
285.0044634,33.98334528,316.9428064,415.9409235,384.2488864,117.6055526,313.9199635,238.2495878,323.325424,334.2795565,316.2882995,114.0784838,448.0263898,107.9869459,300.1767923,236.5231706,274.8333933,433.931751,268.5054016,126.5596774,289.6048166,248.5205843,285.8713914,339.3832973,271.0387232,119.44088,295.9817126,116.401024,286.5840339,112.6395795,295.5371283,95.93803392
284.8299405,34.20646656,316.9108774,415.9970381,384.3172454,117.2927091,314.1361811,237.9636384,323.4127424,334.0497395,316.5857126,113.7420653,448.2959366,107.6152038,300.1459123,236.260681,274.8147962,433.820553,269.7962758,126.6364672,289.5988845,248.3322528,285.9718131,339.4387814,270.9699251,119.6782304,300.3184512,115.9583661,286.0321619,112.4879456,295.7795142,96.1071776
284.406624,34.38694016,316.8797491,416.0330771,384.3667219,117.0377734,314.4250682,237.8206253,323.4807584,333.8756563,316.9791034,113.4364698,448.4578707,107.3163603,300.1305197,236.1017606,274.801655,433.6889363,270.9510419,126.7306899,289.5220947,248.2392691,286.0852621,339.520073,270.796585,120.0615693,304.0988538,115.5916595,285.6510355,112.4971392,295.994167,96.28028864
283.7973594,34.5054624,316.8513869,416.051655,384.3922803,116.8528365,314.7580147,237.8325651,323.5196685,333.765545,317.4087142,113.1893158,448.5149382,107.1059418,300.131321,236.0587309,274.7852518,433.5534765,272.0363424,126.810951,289.3808557,248.2461357,286.2011334,339.6182253,270.5518534,120.5474093,307.3618125,115.2852634,285.4675482,112.6479718,296.1628915,96.43596672
283.0805203,34.55841088,316.8240736,416.0571674,384.3932723,116.7449952,315.1004794,237.9794694,323.5257338,333.7147712,317.8209875,113.0171206,448.4739302,106.9960787,300.1450349,236.1206816,274.7598074,433.4293267,273.0997466,126.8505478,289.1926195,248.3385658,286.3086509,339.7253421,270.2716826,121.0769651,310.1461222,115.0113677,285.4719731,112.9022598,296.2708474,96.55864704
282.3349382,34.55677056,316.7943763,416.0540774,384.3772128,116.7127226,315.4173088,238.2148358,323.5039136,333.7084006,318.1752397,112.926903,448.3503341,106.9897082,300.1673318,236.2575533,274.725895,433.3282566,274.165497,126.8315885,288.9862822,248.4873389,286.3993453,339.8336602,269.9932672,121.5909574,312.490864,114.7402189,285.6242944,113.2122419,296.3135341,96.64108288
281.6287802,34.52262848,316.7596819,416.0455898,384.3602374,116.7445754,315.6785203,238.4759142,323.4688186,333.7256429,318.4464262,112.9185869,448.1694413,107.077904,300.1953318,236.4276506,274.6922112,433.2577798,275.2325248,126.7476275,288.7993242,248.6545946,286.4693645,339.9340442,269.7529792,122.0426176,314.4362643,114.4502259,285.8657453,113.529968,296.3008691,96.68533312
281.0144045,34.48402432,316.7201997,416.0332486,384.3631744,116.8214419,315.8639718,238.696976,323.4425357,333.7449837,318.6247827,112.9873658,447.9633715,107.2409056,300.2292826,236.5862272,274.6744538,433.2212352,276.2755584,126.6046906,288.6712838,248.8011744,286.5202522,340.0152205,269.5831488,122.4050138,316.0231782,114.1359328,286.132393,113.8152314,296.2558746,96.70188928
280.5291366,34.4688416,316.6798208,416.0174848,384.4046022,116.9207002,315.9659386,238.8225171,323.4494784,333.7487981,318.7134554,113.124695,447.7646637,107.4527738,300.2721594,236.6945267,274.6915629,433.2186797,277.2498323,126.4204787,288.6346438,248.8940621,286.5577696,340.0643731,269.5076563,122.6719283,317.2904589,113.8123322,286.3674739,114.0402982,296.2083814,96.70757312
280.1998138,34.49909184,316.6458131,415.998793,384.4936755,117.021065,315.9884832,238.8180922,323.5094835,333.7270547,318.7243462,113.318329,447.5994112,107.6868442,300.328121,236.726761,274.7599981,433.2481478,278.0999757,126.2209318,288.7065126,248.9123155,286.5891648,340.0691226,269.5374682,122.8530886,318.2705498,113.5131456,286.5301325,114.1913222,296.1862944,96.72191616
280.0470925,34.58587648,316.627159,415.9788896,384.625664,117.1061325,315.9443091,238.6766054,323.6313632,333.6790848,318.6732864,113.5525894,447.4828723,107.9189683,300.3998374,236.6748045,274.887943,433.3068563,278.7716102,126.0346221,288.8837626,248.8510515,286.6200256,340.0206566,269.6680262,122.9658125,318.9838406,113.2838061,286.5994451,114.2669677,296.207447,96.76254272
280.0864986,34.72679168,316.6324422,415.961456,384.7823334,117.1648787,315.8495328,238.4193805,323.8088608,333.6137965,318.5749626,113.809433,447.419319,108.127632,300.4865267,236.5494534,275.071545,433.3919142,279.2226029,125.8861926,289.1439629,248.7223622,286.6516493,339.916649,269.8801613,123.0263898,319.4321632,113.1694029,286.5747264,114.274864,296.2754822,96.84036224
280.3253171,34.90505216,316.6676518,415.9519008,384.936752,117.1902464,315.7184979,238.0918118,324.0206144,333.5478208,318.4395219,114.070473,447.405968,108.2914355,300.583191,236.3787462,275.2940371,433.5002707,279.4306182,125.7897568,289.4516563,248.5533715,286.679993,339.7629357,270.144329,123.0436704,319.5923616,113.2019424,286.473408,114.2282106,296.3800237,96.95610048
280.7565498,35.0921248,316.7346381,415.956297,385.0610349,117.1767808,315.5605888,237.7553178,324.234352,333.5021779,318.2715795,114.3194579,447.4375533,108.3869555,300.6818387,236.2031552,275.5286214,433.6280442,279.3941498,125.7457734,289.7678758,248.3815955,286.6965677,339.5732499,270.4275891,123.0165101,319.411049,113.3901594,286.3279341,114.1426848,296.5007021,97.09892288
281.3523674,35.25245696,316.8305971,415.9798906,385.1337434,117.1194074,315.3797722,237.4769594,324.4144058,333.4979251,318.0720518,114.5442963,447.5099565,108.3893965,300.7739642,236.0686874,275.7436941,433.7693216,279.1262246,125.7417677,290.0595091,248.248329,286.6909024,339.3669702,270.7002637,122.9359053,318.8020896,113.7154771,286.1821939,114.0350342,296.6127398,97.24838272
282.060871,35.35045632,316.9485472,416.0254477,385.1446912,117.0142746,315.1770784,237.3183059,324.5295718,333.5516736,317.8421786,114.7383117,447.6198957,108.2772826,300.8533286,236.0188294,275.9094432,433.9152525,278.6422918,125.7574464,290.3055763,248.1913376,286.6540339,339.1659162,270.9406093,122.7902221,317.6485824,114.1350938,286.0867501,113.9230349,296.6921613,97.37895936
282.807369,35.35789504,317.0783424,416.0920717,385.0962451,116.8613434,314.9542048,237.3250579,324.5603558,333.6716269,317.5879859,114.9002074,447.7617261,108.0395123,300.917721,236.086464,276.0033606,434.0537357,277.9458618,125.7721709,290.4989242,248.2378003,286.5816877,338.9910886,271.1353683,122.5723648,315.8112909,114.5914458,286.091728,113.8258362,296.7192653,97.46616384
283.5012435,35.26058176,317.2077178,416.1747168,385.0007245,116.6680909,314.7167776,237.5182726,324.5029446,333.8547514,317.323456,115.032768,447.9227066,107.6825715,300.9687232,236.2864685,276.0141184,434.1699885,277.0171168,125.7725146,290.6433107,248.3987808,286.4764211,338.8603213,271.2772371,122.2852704,313.1439021,115.0242618,286.2373926,113.7639616,296.6797254,97.49233216
284.0474893,35.062752,317.3235706,416.264553,384.8751834,116.4511488,314.4760896,237.8889466,324.3696973,334.0860179,317.0712474,115.1401139,448.0787661,107.2342298,301.010151,236.6109466,275.9429933,434.2481709,275.8094406,125.7572173,290.748119,248.6661146,286.3479808,338.7865254,271.3606643,121.9440845,309.5138547,115.3821946,286.5437126,113.7574387,296.5645984,97.45067584
284.3614579,34.78851328,317.413616,416.3502118,384.7353747,116.2360384,314.2491149,238.396416,324.1864774,334.3403814,316.8605421,115.2246093,448.1938554,106.7422867,301.046009,237.0275878,275.8034515,434.27392,274.2562867,125.7376864,290.8227923,249.0122797,286.2120627,338.7772371,271.3785741,121.5740582,304.8255347,115.631447,287.0020864,113.8220218,296.3698195,97.34664896
284.3845555,34.479408,317.4683571,416.4199258,384.5907974,116.0531232,314.0570067,238.9731981,323.9871213,334.5876122,316.7226982,115.2838138,448.2233427,106.2680819,301.0787962,237.4830246,275.6191251,434.2377568,272.2869107,125.7344058,290.8730125,249.3939782,286.0876275,338.8344762,271.3216211,121.2043002,299.0405658,115.7600787,287.5719834,113.9647296,296.0966304,97.19642624
284.0968704,34.18834688,317.4831392,416.4639949,384.4421766,115.9320448,313.9231488,239.535065,323.806839,334.7989658,316.6857907,115.3094483,448.1208422,105.876503,301.1089133,237.9107283,275.4202272,434.1383648,269.8457715,125.7702637,290.8984755,249.7588346,285.993328,338.9554598,271.1800576,120.8600614,292.1901133,115.7789613,288.185463,114.1797254,295.7527731,97.02297216
283.5227392,33.97037504,317.4591827,416.4769747,384.2818067,115.8961485,313.8706586,239.9959181,323.6754989,334.9538611,316.7689894,115.2886202,447.8461837,105.6260678,301.1349107,238.2428358,275.2387616,433.9846995,266.9093325,125.8633043,290.8924672,250.0541875,285.944176,339.1334534,270.9477805,120.5560685,284.3760678,115.7203296,288.7599373,114.4464109,295.3542138,96.850624
282.7262304,33.87172672,317.4035642,416.458969,384.0968704,115.959015,313.9198496,240.2843091,323.6128237,335.0442886,316.9783782,115.2079008,447.3713683,105.5607603,301.1544038,238.4230042,275.1030541,433.795872,263.496361,126.0218048,290.8428384,250.2365875,285.9487533,339.3590547,270.6276896,120.2925875,275.7611277,115.6347654,289.2166707,114.731369,294.926567,96.69979072
281.7977715,33.91963968,317.3277094,416.4156531,383.8727949,116.1238477,314.0857312,240.3577805,323.6259462,335.075817,317.3049542,115.0594714,446.6831968,105.7064819,301.1655424,238.4182739,275.0325587,433.5983373,259.6697805,126.242905,290.7349395,250.2799795,286.0080717,339.6213152,270.2356909,120.0569536,266.5504454,115.5868909,289.4996832,114.9942016,294.5049478,96.58256512
280.8353997,34.11533376,317.2451974,416.357088,383.5953523,116.3862989,314.3751142,240.2111245,323.7098694,335.0653267,317.7248192,114.8469926,445.7811738,106.0712813,301.1685178,238.2257459,275.0342944,433.4210016,255.5303386,126.5158464,290.5561254,250.1812365,286.1157798,339.908905,269.8017504,119.8284531,256.9695661,115.649872,289.5887373,115.1961901,294.1313171,96.50115968
279.926567,34.43206784,317.1691322,416.2956237,383.2501984,116.7382048,314.7837446,239.8764422,323.8500211,335.0359155,318.2010458,114.588585,444.6730042,106.648407,301.1664006,237.8733062,275.1015853,433.289175,251.204128,126.828041,290.3017805,249.9611283,286.259785,340.2107808,269.3657114,119.5860288,247.2433664,115.8983994,289.5022963,115.3089139,293.8491821,96.44863104
279.1344832,34.81918336,317.1098138,416.2432096,382.8198624,117.1709824,315.2939987,239.4145965,324.0261843,335.0109862,318.6867712,114.315376,443.3683776,107.4196243,301.1649702,237.4126816,275.2157786,433.2188128,246.8263437,127.1714022,289.9801824,249.6606061,286.4248659,340.5166438,268.9690208,119.3149568,237.578983,116.4003757,289.2895891,115.3203962,293.6962509,96.4120864
278.4915923,35.211792,317.0728685,416.2088582,382.28096,117.6774598,315.8746528,238.9007571,324.2160416,335.0083539,319.1293907,114.0656659,441.8735123,108.3583072,301.1710931,236.9076154,275.3504371,433.2126234,242.5239942,127.545929,289.6144102,249.3326566,286.5953638,340.8170125,268.644695,119.010887,228.1538579,117.2082138,289.0154266,115.2370835,293.6966515,96.37653376
278.0001446,35.54386112,317.0585824,416.1966989,381.6038131,118.2519533,316.4834022,238.408089,324.3981171,335.0356102,319.4762419,113.8761139,440.1877594,109.4311526,301.1904147,236.4200973,275.4767802,433.2594298,238.400631,127.9592896,289.2393875,249.0316198,286.7573741,341.1031149,268.4093478,118.68,219.1092301,118.350601,288.7427142,115.0811002,293.8550758,96.32923136
277.6385498,35.76190976,317.0621491,416.2048243,380.756073,118.8891603,317.0722387,237.9940794,324.5536806,335.0876237,319.6814726,113.7732698,438.3022688,110.5994035,301.225033,235.9989926,275.569191,433.3374502,234.5257952,128.422775,288.8947866,248.8027379,286.8996813,341.366615,268.2598304,118.3357242,210.5483821,119.8265459,288.5179904,114.88472,294.1541862,96.26239808
277.371063,35.8360672,317.075081,416.2253286,379.7088243,119.5825958,317.5945094,237.6925658,324.6677402,335.1470566,319.7131155,113.7669754,436.2017062,111.8210605,301.2719533,235.6731795,275.6093216,433.4204294,230.9309389,128.9456179,288.6155322,248.6743546,287.0137024,341.5993882,268.1754682,117.993927,202.5387386,121.6038131,288.3633421,114.682617,294.5566938,96.1742784
277.1588896,35.76583872,317.08704,416.2454797,378.4432602,120.3229907,318.0116461,237.5127795,324.7295763,335.1882362,319.5593069,113.8485715,433.8677216,113.0539322,301.3229562,235.4510118,275.5882266,433.4847738,227.612343,129.5305632,288.4228134,248.6545184,287.0929338,341.7935565,268.1251334,117.6679994,195.1158144,123.6225888,288.2765581,114.5046234,295.0119398,96.0685728
276.9705581,35.57918528,317.0878413,416.2502387,376.9547654,121.0977171,318.298855,237.444649,324.732857,335.1836589,319.2321203,113.9929581,431.2842944,114.2607117,301.3660621,235.3247834,275.5064582,433.515129,224.540615,130.1727674,288.3184813,248.7324333,287.1326829,341.9421389,268.0764006,117.3656461,188.2884595,125.804672,288.2377626,114.3706515,295.4654694,95.95272064
276.7900467,35.32558464,317.0693779,416.2255386,375.2526854,121.8915174,318.4482195,237.4678803,324.6761702,335.1115226,318.7674522,114.1648486,428.4437178,115.4144666,301.3883398,235.2777478,275.3726195,433.5071469,221.6742515,130.861511,288.2842829,248.8835904,287.1302797,342.0397568,268.0040166,117.0877075,182.0446394,128.0659488,288.219776,114.2881773,295.8691789,95.83564736
276.6213037,35.06458304,317.0273018,416.1616614,373.3563994,122.6888275,318.4694099,237.5613024,324.563255,334.9617574,318.2207296,114.3256762,425.3516768,116.5038682,301.3792422,235.2920531,275.2011296,433.4671117,218.9734266,131.5840531,288.2868576,249.0769197,287.0856666,342.0835878,267.8949549,116.8285754,176.3578797,130.3294374,288.1978035,114.2538835,296.1888506,95.7265088
276.4878464,34.85279104,316.9618035,416.0558893,371.2889862,123.477287,318.387184,237.7100371,324.4031142,334.7397043,317.6580429,114.4410323,422.0304486,117.5357056,301.3335802,235.3546144,275.0096128,433.4091853,216.4110374,132.3291776,288.286457,249.282551,287.0018195,342.0742797,267.7492141,116.5789792,171.1933901,132.5351712,288.1557082,114.2576602,296.4077952,95.63373568
276.42704,34.73167424,316.8775174,415.9137824,369.0721894,124.2511366,318.2364275,237.9082106,324.2089459,334.4670867,317.144585,114.486313,418.518791,118.5345459,301.252823,235.4601286,274.8160742,433.3513165,213.9784243,133.0887603,288.2473184,249.4781491,286.8854714,342.0162963,267.5769043,116.3295366,166.5140531,134.6451949,288.0876922,114.2882541,296.5258029,95.56488064
276.4799693,34.71893312,316.7823789,415.7485581,366.7242432,125.0127795,318.0553248,238.1581882,323.996544,334.1809651,316.7324256,114.4512941,414.8692704,119.5380019,301.1449242,235.6113818,274.6367648,433.3109094,211.6863635,133.8576128,288.146343,249.6530534,286.7472269,341.9175341,267.3937798,116.0746003,162.2854995,136.6436384,287.9968262,114.3381498,296.5555571,95.52669504
276.6793824,34.80617536,316.6858675,415.5785939,364.261017,125.7717894,317.8789901,238.466873,323.7815475,333.931255,316.4508819,114.3426131,411.143799,120.5883405,301.0227584,235.8167264,274.4845965,433.3010957,209.5621683,134.6317293,287.9777338,249.809303,286.6012192,341.7882541,267.2173498,115.8149338,158.4797094,138.5328294,287.8925517,114.4067002,296.517792,95.52505472
277.038841,34.96315008,316.597824,415.4233549,361.6998675,126.5415955,317.7347949,238.8411328,323.5767366,333.7757299,316.3018227,114.1836928,407.4091341,121.7222214,300.9018323,236.0860826,274.3686483,433.3283424,207.6439667,135.4063034,287.7526093,249.959335,286.4640429,341.6397664,267.0645715,115.5581664,155.0767232,140.3278349,287.7885818,114.4994733,296.4369395,95.56472768
277.5461197,35.14686592,316.5280531,415.2988717,359.0647123,127.3342893,317.639961,239.283447,323.3908083,333.7718963,316.2612531,114.0110016,403.7331008,122.9603194,300.7982637,236.426544,274.294224,433.3917619,205.9739302,136.1743546,287.4949453,250.1215744,286.3527872,341.4834976,266.9510458,115.3170394,152.0643232,142.0495226,287.701168,114.6253587,296.3374899,95.64823168
278.1626893,35.31303424,316.485977,415.214071,356.3903046,128.1557082,317.6011469,239.7883226,323.2283782,333.9656448,316.2862586,113.8661574,400.1827622,124.2996595,300.7266042,236.8379974,274.2632486,433.4840013,204.591408,136.925888,287.2354701,250.3146554,286.2825587,341.3305856,266.890793,115.1056288,149.4368646,143.7181856,287.6466944,114.7915648,296.2409018,95.77487936
278.8294413,35.42575808,316.4800262,415.1692102,353.7253568,129.0012742,317.6150893,240.3404614,323.0915072,334.3788339,316.3251302,113.7862778,396.8236544,125.7110976,300.6979942,237.3104858,274.2742918,433.5934541,203.5268403,137.6480486,287.0054624,250.5517766,286.2640762,341.1919405,266.8950656,114.9354938,147.1937082,145.3466413,287.6384544,114.9991226,296.1629869,95.9392928
279.4774054,35.46352384,316.5158272,415.1568506,351.1324691,129.8544691,317.6705363,240.9150125,322.9814912,335.0004006,316.3284109,113.7938688,393.7190246,127.1424102,300.7183648,237.8234861,274.3225862,433.7068365,202.7969549,138.3257677,286.8314931,250.8364678,286.301689,341.077881,266.9704058,114.8122406,145.3368378,146.9355008,287.6831437,115.2405165,296.112423,96.13098176
280.041008,35.42060864,316.5942573,415.1649856,348.6845779,130.6876755,317.7509882,241.4803693,322.8998182,335.7845498,316.2583731,113.8906861,390.9287264,128.5264589,300.7872774,238.3478925,274.4000243,433.8115693,202.4017331,138.9431379,286.7314336,251.1606029,286.3928224,340.9971808,267.1158406,114.734039,143.8673114,148.4700397,287.7785491,115.4997254,296.0906413,96.33510592
280.4701613,35.30506112,316.7099187,415.1809312,346.4572141,131.4660646,317.838688,242.0027162,322.8477094,336.6577914,316.0952186,114.056816,388.5062406,129.7922899,300.8976749,238.8499072,274.4959834,433.8972947,202.3227309,139.4847872,286.7116928,251.5052224,286.5286253,340.9553338,267.3208429,114.6926496,142.780361,149.9202349,287.9136275,115.7557299,296.0931206,96.5341184
280.7379533,35.13454464,316.8513491,415.1946733,344.5178605,132.1533203,317.9185869,242.4513056,322.8252032,337.5330541,315.8396723,114.2563245,386.4940646,130.8766554,301.0367776,239.296608,274.5986938,433.956585,202.5232506,139.9380877,286.7664147,251.8440819,286.6955565,340.9527398,267.5650214,114.6755219,142.0599558,151.2441632,288.0709459,115.9869005,296.111641,96.71062464
280.8425715,34.93183104,317.0028115,415.2006438,342.9145434,132.7183917,317.9811475,242.802887,322.8303149,338.3266637,315.5109408,114.4470598,384.9171827,131.7336275,301.1884115,239.6607968,274.6969798,433.9850522,202.9499814,140.2948762,286.8787763,252.1486662,286.8777658,340.9835814,267.8204915,114.6689222,141.6744422,152.3948288,288.230553,116.1761094,296.1365888,96.85020416
280.803776,34.72034432,317.1473312,415.1977824,341.6677856,133.1415558,318.0232429,243.0439757,322.8587341,338.972912,315.141792,114.5915219,383.7764742,132.3411181,301.3356589,239.9247744,274.782009,433.9815424,203.5365293,140.5531309,287.0241549,252.3935315,287.0592499,341.03632,268.0563354,114.6607206,141.574688,153.3290099,288.3740614,116.3140109,296.1587712,96.9437792
280.6563379,34.52064512,317.2695354,415.1884077,340.7680128,133.418503,318.0467987,243.1713485,322.9042054,339.433136,314.7714995,114.665527,383.0442048,132.7033235,301.4633939,240.0819398,274.84808,433.9483264,204.2084691,140.7181165,287.1745875,252.5605011,287.2255898,341.0956576,268.2438848,114.6424486,141.6955187,154.0167238,288.4876058,116.3998797,296.1707309,96.98852544
280.4423142,34.34799168,317.357769,415.1764774,340.1789472,133.5612109,318.0564307,243.1911661,322.9590605,339.6975328,314.4387629,114.6619795,382.664032,132.848816,301.5600966,240.1365472,274.8927117,433.891344,204.8895648,140.8021542,287.3031424,252.6412198,287.3647693,341.1454771,268.3618739,114.6102144,141.9601056,154.4487763,288.5631373,116.4406586,296.1675072,96.98772416
280.204048,34.21096832,317.405033,415.1657581,339.847145,133.5956954,318.0573082,243.1179238,323.0145261,339.7809984,314.1756442,114.5900346,382.5569152,132.8248595,301.6188621,240.1023104,274.9157907,433.8198662,205.5081939,140.823097,287.3879245,252.6379392,287.4675366,341.1721805,268.4003066,114.564247,142.2867014,154.6402739,288.5985376,116.447945,296.147232,96.94938688
279.9788282,34.11144256,317.4094963,415.1585197,339.7145082,133.5562899,318.0539706,242.9732134,323.0615232,339.7146605,314.0033914,114.470711,382.6332474,132.6884077,301.6378022,240.0001338,274.9186899,433.7453267,206.003456,140.8017728,287.4152947,252.5629043,287.5274278,341.1673357,268.3623885,114.5076371,142.5967123,154.6287917,288.5967066,116.4344787,296.1116026,96.88461312
279.7951507,34.04544832,317.374153,415.1549626,339.7321318,133.478432,318.0502131,242.7836992,323.0914688,339.5358278,313.9304544,114.3304064,382.809143,132.4951552,301.6202163,239.8548506,274.9032973,433.6795142,206.3299181,140.7582093,287.3819539,252.4361798,287.5411226,341.1293792,268.2642176,114.4447328,142.8236102,154.4666291,288.5644531,116.4105222,296.0660934,96.80538176
279.6707533,34.00543232,317.3063661,415.1536941,339.8726656,133.3908083,318.0495072,242.5777434,323.0979917,339.2784691,313.9528083,114.1943744,383.024025,132.2891238,301.5740013,239.6911238,274.8714637,433.6324787,206.4610099,140.7077024,287.295456,252.2821235,287.5083923,341.063824,268.1316755,114.3793869,142.922201,154.2090227,288.5109709,116.3812256,296.0197446,96.72260288
279.6118355,33.98288704,317.2167014,415.1528358,340.1390074,133.3090976,318.0553248,242.3803136,323.0784224,338.9658925,314.0564346,114.0815738,383.2563782,132.0941165,301.5103533,239.5286944,274.8247334,433.6108301,206.3910291,140.6572723,287.1730611,252.1248243,287.4320032,340.9819219,267.9952051,114.314041,142.8773306,153.900528,288.446407,116.345177,295.9841158,96.64398208
279.6133235,33.97102336,317.1175194,415.1515104,340.5666733,133.2323456,318.0712128,242.2076032,323.0353926,338.6075021,314.2209626,114.0016557,383.5337069,131.9089888,301.4419558,239.3782042,274.7646906,433.6167526,206.1363981,140.6032179,287.0388986,251.9836429,287.3171232,340.8984947,267.8834726,114.2494202,142.7114394,153.5628128,288.3801843,116.2948992,295.9714125,96.57318144
279.6602438,33.96667456,317.021351,415.1509568,341.2190246,133.1422426,318.1004909,242.0631597,322.9775238,338.2001875,314.4240186,113.9543917,383.9338682,131.7076109,301.3810157,239.2391206,274.6934701,433.6478522,205.7368282,140.5304717,286.9203565,251.8697741,287.1707917,340.8291814,267.8175354,114.1854477,142.4893472,153.186455,288.3197402,116.2191008,295.9918976,96.50917056
279.7301101,33.97155776,316.9396589,415.1550387,342.1744922,133.0063629,318.1458662,241.937008,322.9193498,337.7341843,314.6455571,113.9316557,384.5764922,131.4431002,301.3374899,239.1005325,274.6148109,433.6978342,205.256119,140.4136659,286.8436051,251.7847827,287.0015526,340.7877542,267.806759,114.1228486,142.3191834,152.7298739,288.2698438,116.1065293,296.0514067,96.44752512
279.796505,33.99181376,316.8818093,415.1698874,343.5089491,132.783623,318.2087898,241.808567,322.8796384,337.2019194,314.8716166,113.9212416,385.6049728,131.0559846,301.3176538,238.9449312,274.5347021,433.7578394,204.7815514,140.2202227,286.8293382,251.7212294,286.8194202,340.7842445,267.8473088,114.0652467,142.3479366,152.1244813,288.2326125,115.950279,296.1491392,96.38233216
279.833088,34.0365984,316.8543245,415.202713,345.2761843,132.4317549,318.2884595,241.652279,322.8784941,336.6066739,315.0964358,113.9112851,387.1615981,130.4847334,301.3229562,238.7537382,274.4616506,433.8183021,204.420681,139.9145888,286.8886374,251.6652109,286.635456,340.8238605,267.9231264,114.020729,142.7514362,151.2855533,288.2077978,115.7513427,296.2765312,96.3088992
279.8178099,34.11579136,316.8600845,415.2600576,347.4915315,131.9147872,318.3802797,241.4441491,322.933159,335.9681318,315.322647,113.8944627,389.3606189,129.6765901,301.3490106,238.5132218,274.4057082,433.8709165,204.2946054,139.4631955,287.0201299,251.5998458,286.4611245,340.906544,268.0091283,114.0023802,143.7194822,150.126343,288.193264,115.5205536,296.4175603,96.22623424
279.7360038,34.23702208,316.8974496,415.3456973,350.1227187,131.2091827,318.4738733,241.1675264,323.0534362,335.3219987,315.5584525,113.8705824,392.263527,128.5971072,301.3854214,238.2186893,274.3767738,433.9100454,204.5273971,138.8389971,287.2091674,251.5085408,286.3065146,341.0274125,268.0761722,114.0274048,145.438032,148.571968,288.1850432,115.277977,296.5499494,96.13880128
279.5819853,34.40315264,316.9597626,415.4587552,353.0907821,130.3073882,318.5514643,240.8160781,323.2379149,334.7135923,315.8127974,113.8475034,395.8627322,127.2354509,301.4166259,237.8755571,274.3823245,433.9332774,205.2329446,138.0249024,287.4301338,251.3779642,286.1783597,341.1770438,268.0965805,114.1148755,148.0708506,146.570473,288.177376,115.0498202,296.6473958,96.0570144
279.3585203,34.60979456,317.0357702,415.5923936,356.2812422,129.2186355,318.5876083,240.3943059,323.4717562,334.1876032,316.0892294,113.8407898,400.0764845,125.6049344,301.4243507,237.498169,274.4256019,433.9408973,206.5007782,137.0151904,287.65152,251.1998746,286.0782432,341.3418771,268.0494502,114.2824934,151.7427443,144.100151,288.1632045,114.8639296,296.6825293,95.99617024
279.0756416,34.84397888,317.1111872,415.7336333,359.5621107,127.9665754,318.551216,239.9164198,323.7276838,333.7782861,316.3809395,113.8713837,404.7570419,123.7385562,301.3914682,237.1071622,274.504471,433.9345741,208.3846854,135.8158874,287.8435328,250.9730528,286.0018733,341.5045926,267.9247475,114.5435334,156.5260986,141.1722566,288.1360243,114.7449491,296.6307258,95.97389248
278.7497901,35.0839616,317.1714022,415.8646394,362.8035354,126.5862272,318.41032,239.4048307,323.969879,333.5037997,316.6681862,113.9627456,409.7101978,121.6827776,301.3067437,236.726761,274.6117786,433.9161203,210.8963014,134.4440077,287.9865267,250.7049178,285.9400557,341.6450118,267.7264403,114.903984,162.4322701,137.8309632,288.0928992,114.7101594,296.4746285,96.00662208
278.404503,35.30071232,317.2046278,415.9655379,365.8946227,125.1207731,318.1389619,238.8887789,324.1608429,333.3661267,316.9197082,114.1361619,414.7224045,119.4905088,301.1691091,236.383095,274.7363469,433.8867091,214.0054515,132.9272461,288.0778694,250.4128262,285.8812525,341.7422483,267.474384,115.3610227,169.4083405,134.1512678,288.0378534,114.7661971,296.2088205,96.105728
278.0718234,35.46195968,317.2049331,416.0182765,368.7531661,123.6194611,317.7248762,238.4029005,324.2692947,333.3556941,317.0978355,114.4055558,419.5896531,117.2172544,300.9901811,236.1025619,274.8650931,433.8470842,217.6454733,131.3047411,288.1347654,250.1235392,285.8148,341.7780877,267.2049901,115.9022138,177.3393824,130.2364352,287.984295,114.9073408,295.8433722,96.27422336
277.7928544,35.5384064,317.1741485,416.0106656,371.3292691,122.1356966,317.1764563,237.9843904,324.2770387,333.4575654,317.1664237,114.7726822,424.1419219,114.9187469,300.7939149,235.9095002,274.9851418,433.7985805,221.7210963,129.6281434,288.1906893,249.8694611,285.7341574,341.7406848,266.9695853,116.5063859,186.0562131,126.2137222,287.9554176,115.1155091,295.4052352,96.5047456
277.6161958,35.51116928,317.1220205,415.9395123,373.6029818,120.7247923,316.5265658,237.6687622,324.1827008,333.6563494,317.0994189,115.2240755,428.2589338,112.6499936,300.6127738,235.8233261,275.0862118,433.7441158,226.11536,127.9619597,288.2863046,249.6823693,285.6387712,341.6276742,266.8289568,117.1465299,195.3485491,122.2283552,287.9814336,115.3623584,294.9361613,96.77955648
277.5938413,35.37849408,317.0641517,415.8121203,375.5789184,119.4398496,315.8313562,237.4842835,324.0016934,333.938103,316.8873024,115.7315066,431.8745421,110.4636762,300.4812051,235.8546067,275.162201,433.6886406,230.6950381,126.3809965,288.4568787,249.5856288,285.534496,341.4473536,266.8434522,117.7936557,204.9832538,118.433609,288.093376,115.6140518,294.4868851,97.07229632
277.7744672,35.1586912,317.0185664,415.6456947,377.2782515,118.3261107,315.1634982,237.4462509,323.7624358,334.2889594,316.5399168,116.2548064,434.9718477,108.4074022,300.427952,236.0019686,275.2120781,433.6385062,235.3158189,124.9644467,288.7209126,249.5879936,285.432377,341.2178042,267.0591354,118.4215546,214.7259904,114.9773786,288.3141517,115.8375168,294.1084672,97.351456
278.1943891,34.88849664,317.0014573,415.4646394,378.7301254,117.4152755,314.6006778,237.5530624,323.5004422,334.6918106,316.0851667,116.74736,437.5711059,106.5204237,300.469303,236.2504576,275.2395437,433.6000922,239.8298074,123.787079,289.0733722,249.6808813,285.3459168,340.9641075,267.4927142,119.0099334,224.3625069,111.9867328,288.6491584,116.0071942,293.842697,97.58522048
278.8669011,34.61658496,317.0238112,415.296192,379.963417,116.7209242,314.2114451,237.7849958,323.2513427,335.1234054,315.5644608,117.1623232,439.7152326,104.8308947,300.6052019,236.5726086,275.2517126,433.5783578,244.0975763,122.9091264,289.485264,249.8405075,285.2876666,340.7143974,268.1205178,119.5457075,233.7161824,109.552727,289.0792467,116.1101914,293.7142182,97.74593344
279.7723962,34.39376832,317.0892909,415.165415,381.0007859,116.2363814,314.0412902,238.10688,323.0446246,335.5543136,315.0269126,117.4588397,441.4554976,103.3541869,300.8190534,236.9322202,275.2570918,433.575735,248.0038451,122.3669434,289.9102592,250.0342752,285.265961,340.4951859,268.8760186,120.022583,242.6584813,107.7180864,289.5591354,116.1489869,293.726425,97.81433088
280.8522797,34.26227584,317.1934125,415.0906848,381.8568038,115.9358598,314.102039,238.4743878,322.8991699,335.9520147,314.523449,117.6078035,442.841072,102.0932768,301.0809325,237.2906496,275.2633856,433.5917376,251.4735219,122.1649171,290.2958682,250.2293018,285.2828026,340.3268435,269.6593094,120.4388429,251.110935,106.4704134,290.0220678,116.139984,293.862057,97.78202048
282.0101549,34.24713152,317.3241427,415.0807571,382.5397107,115.77816,314.3677523,238.8419341,322.8218842,336.2866592,314.101753,117.596016,443.9128493,101.0403443,301.3534163,237.6137926,275.2758406,433.6234093,254.483776,122.271271,290.5968474,250.4003334,285.3334426,340.2202227,270.3568646,120.7956314,259.038887,105.7439802,290.3907392,116.108551,294.0882112,97.65258816
283.1217574,34.35131072,317.463913,415.1341536,383.0560685,115.7136154,314.7785184,239.1703795,322.8092192,336.5369414,313.8023949,117.4283219,444.7029875,100.179863,301.5985677,237.877655,275.296631,433.6660768,257.0675469,122.6187898,290.7860563,250.534649,285.4078675,340.1753805,270.8667757,121.0960768,266.4392659,105.4298022,290.5922317,116.0808947,294.3639373,97.44083392
284.0531731,34.55574016,317.5928499,415.2405069,383.4159853,115.691719,315.2521517,239.4318387,322.8503418,336.6944698,313.6556435,117.1261594,445.238304,99.49176768,301.7843437,238.0708314,275.3254509,433.7142374,259.3068883,123.1122208,290.8600998,250.6325152,285.4934694,340.1823808,271.1219981,121.3452147,273.325081,105.3933331,290.5737114,116.0755923,294.6489523,97.17025728
284.6837043,34.82372288,317.6926042,415.3834822,383.6370848,115.6689069,315.7007789,239.611664,322.931328,336.7646214,313.6784173,116.7235949,445.5456922,98.95412416,301.8894765,238.1937024,275.3609274,433.7620448,261.3157466,123.6421965,290.8378598,250.7038118,285.578327,340.2243994,271.1047744,121.5503693,279.7102355,105.4952621,290.3148845,116.0966874,294.9110221,96.86958336
284.9282835,35.10829952,317.7502438,415.5443002,383.7450406,115.6145856,316.0484314,239.707527,323.0383302,336.7640877,313.8718035,116.2607578,445.6570432,98.54534144,301.9055366,238.2548141,275.4022214,433.8036058,263.2152557,124.1026688,290.7531168,250.762272,285.6536102,340.2817536,270.8476448,121.721001,285.596905,105.6121062,289.8336218,116.1317824,295.1299283,96.56871808
284.7533229,35.36140416,317.7605248,415.7052614,383.7712858,115.5140685,316.2448122,239.7266771,323.1593702,336.7156218,314.2194368,115.7765958,445.6112288,98.24546816,301.8364717,238.2666778,275.449543,433.8334368,265.1060294,124.4088365,290.6439782,250.819664,285.7147027,340.3360179,270.4214861,121.8671418,290.9684563,105.6518938,289.182377,116.1553574,295.2976992,96.29421248
284.182224,35.54306048,317.7260781,415.85248,383.7484742,115.3684237,316.272583,239.6826554,323.2849504,336.6418458,314.6879194,115.3033069,445.4524614,98.03703296,301.6960333,238.241577,275.5037306,433.8471411,267.0435712,124.5111085,290.5426976,250.8813478,285.7606694,340.3730202,269.9150464,121.9972608,295.7897568,105.5624768,288.4358214,116.137161,295.4153254,96.06582656
283.289833,35.62896704,317.6552198,415.9775923,383.7053683,115.1913069,316.1468506,239.591751,323.4074022,336.5600205,315.23016,114.8635104,445.2257536,97.90519744,301.5038682,238.1894304,275.5643654,433.842487,269.0232659,124.4018938,290.4687117,250.9443283,285.7926752,340.3840448,269.4128038,122.1162413,300.015335,105.331993,287.6736448,116.0528947,295.4886246,95.89439424
282.187977,35.61492928,317.5585939,416.0782336,383.6632154,115.0038528,315.9079744,239.4704058,323.5198214,336.4789965,315.790825,114.4702912,444.9709702,97.83740992,301.2814138,238.1168365,275.6280134,433.8201907,270.9789088,124.113655,290.4262733,250.9980013,285.8123782,340.3653715,268.9781382,122.2241594,303.6034202,104.9822234,286.963463,115.8931354,295.5251123,95.7815936
281.0060499,35.51750208,317.4458886,416.1573504,383.6337664,114.8286054,315.6103328,239.332695,323.6155322,336.3993453,316.3129235,114.1295622,444.7184755,97.8222656,301.0482022,238.027344,275.6871987,433.7841414,272.7963258,123.7088774,290.4063987,251.0266688,285.8207514,340.3170016,268.6450579,122.316704,306.5319443,104.5570374,286.3494874,115.6679917,295.5328941,95.72155008
279.871216,35.36964416,317.3238752,416.2215898,383.6199187,114.6841811,315.310135,239.1894534,323.6880493,336.3158605,316.7444608,113.8428499,444.4876864,97.84797696,300.819607,237.9229357,275.7312774,433.740864,274.3390464,123.2649997,290.392208,251.0134317,285.8179667,340.2410509,268.4192851,122.387047,308.8114163,104.1090778,285.8488083,115.4059219,295.5210112,95.70369728
278.8919642,35.2132416,317.1965792,416.2790202,383.6183546,114.5815661,315.0547219,239.0478899,323.7316134,336.2216762,317.0439341,113.6103437,444.2891693,97.90123008,300.6061747,237.8050611,275.7489587,433.6982342,275.4798886,122.8579712,290.3653715,250.9445382,285.8039283,340.1409152,268.2858656,122.4282458,310.4896166,103.6878586,285.4557037,115.1466368,295.4998208,95.71567552
278.1477734,35.08918784,317.066784,416.3366893,383.6233523,114.522896,314.8756979,238.9130022,323.7425613,336.1123654,317.1843718,113.4330368,444.1295622,97.9675296,300.4145811,237.6767731,275.7316019,433.6640358,276.1308288,122.5485229,290.3124621,250.8132173,285.7792282,340.0211142,268.2201958,122.435303,311.6452218,103.3319853,285.1509664,114.931488,295.4798886,95.74550656
277.6849555,35.02822848,316.9380954,416.3986778,383.6309818,114.5020294,314.7858432,238.7897875,323.7208173,335.9887507,317.1554944,113.3146285,444.0171814,98.033104,300.2496147,237.5440595,275.6760595,433.6443136,276.2633325,122.3736192,290.2296064,250.6225965,285.7459258,339.8877523,268.1989094,122.4065402,312.3701094,103.0661395,284.9133491,114.7935104,295.4695699,95.78319552
277.5175098,35.04409792,316.816368,416.4650342,383.6422726,114.5069888,314.7799302,238.6852646,323.6702726,335.8578112,316.9634246,113.2622912,443.965721,98.08841728,300.1161005,237.4169542,275.586071,433.6423014,275.9137152,122.343712,290.1244544,250.386791,285.7077024,339.7488211,268.2078931,122.343712,312.7438547,102.9025651,284.7296333,114.7506714,295.472889,95.82130432
277.6308058,35.13034816,316.7099571,416.5316774,383.6642835,114.5230106,314.8381043,238.6093139,323.5987475,335.7312205,316.6283987,113.2864378,443.9944077,98.13144704,300.020199,237.3091123,275.4718778,433.6579226,275.1718138,122.4452589,290.015392,250.1296045,285.6693075,339.6142195,268.2456589,122.2516634,312.806473,102.8455354,284.6010592,114.8037338,295.4882048,95.85559872
277.9868314,35.26233664,316.6283987,416.5912627,383.7082291,114.5361331,314.930992,238.5736083,323.5165408,335.6223488,316.1811827,113.3990099,444.1245267,98.170624,299.9694061,237.2357939,275.3480147,433.6882016,274.1559981,122.6473997,289.9274253,249.8810771,285.6351853,339.4950483,268.3218195,122.1374893,312.536087,102.8970336,284.5443155,114.9382784,295.508633,95.88615424
278.5294342,35.40302272,316.5802957,416.6345594,383.7854387,114.536896,315.0253677,238.5884474,323.4341434,335.5421069,315.6597709,113.6103437,444.3720627,98.22620416,299.9711034,237.2104646,275.2301216,433.7281421,272.9818918,122.9109952,289.886265,249.6723558,285.6076621,339.4023514,268.4513856,122.0101549,311.838455,103.0619046,284.5876506,115.1304627,295.523319,95.91835008
279.1894912,35.51181824,316.570816,416.6521261,383.902016,114.5228576,315.0901222,238.6585619,323.3604813,335.4950906,315.107632,113.9253619,444.7392275,98.32908608,300.0305555,237.2408678,275.1318739,433.7718106,271.7333414,123.1978989,289.9115565,249.5300102,285.5858042,339.345856,268.6468122,121.8797299,310.552311,103.3505632,284.7626304,115.3538131,295.519161,95.96332544
279.8895072,35.55450432,316.599808,416.6359808,384.053879,114.5002368,315.101433,238.779335,323.3020781,335.4768755,314.5730592,114.3389894,445.2064512,98.51661696,300.1484109,237.3256685,275.0625613,433.8131808,270.4438592,123.4788134,290.0113107,249.4711878,285.5650138,339.3327904,268.9102554,121.7567827,308.4712218,103.7786867,285.0936128,115.5853651,295.4825594,96.0367968
280.5486682,35.51212288,316.6610528,416.5810202,384.2237472,114.4830701,315.046711,238.9347456,323.2632064,335.4734995,314.1086003,114.8326112,445.728073,98.82595072,300.3186989,237.4528122,275.0260736,433.8467885,269.0916634,123.7379456,290.1788333,249.5001414,285.538025,339.3672563,269.2282298,121.6505811,305.3786662,104.3630221,285.5868909,115.8093645,295.401001,96.1554336
281.089287,35.38669568,316.7430688,416.4862822,384.3810272,114.4913485,314.9272154,239.097824,323.2471085,335.4634854,313.7688448,115.3725434,446.2335968,99.28611776,300.5279162,237.5998304,275.0211526,433.8684371,267.6087571,123.9739987,290.3931046,249.6070291,285.4969408,339.4500352,269.5701216,121.5671923,301.0890387,105.1156614,286.2227059,116.0182189,295.2648736,96.3315584
281.4453888,35.20267456,316.8313024,416.3556768,384.4846342,114.5475008,314.7589114,239.234505,323.2572557,335.4223635,313.6050605,115.9120179,446.6348646,99.91134656,300.7560538,237.7369306,275.0427437,433.8757517,265.9000589,124.1978458,290.6224826,249.7690771,285.4359437,339.5788192,269.8916051,121.506729,295.4862592,106.0380557,286.9528006,116.2103654,295.0697517,96.56787904
281.5731622,35.00305152,316.9112397,416.1983392,384.4885638,114.6733094,314.5713427,239.3097306,323.2982637,335.328617,313.656807,116.3971328,446.8384934,100.6977843,300.9795379,237.8320691,275.0837133,433.8689325,263.8674355,124.4270323,290.830841,249.9544333,285.3538515,339.7490118,270.1424979,121.4619827,288.551216,107.117767,287.7060506,116.3864896,294.8189734,96.85413376
281.4602278,34.84073664,316.9717024,416.0282611,384.3490221,114.8870848,314.4043347,239.2954253,323.3757779,335.1695821,313.9428326,116.7765811,446.7601011,101.6254426,301.1755181,237.857399,275.136471,433.8509562,261.4334682,124.6788403,290.984535,250.1280211,285.2557376,339.9546048,270.277424,121.4187238,280.3726387,108.3289722,288.401737,116.5457914,294.5263482,97.16754944
281.1304858,34.76635008,317.0071219,415.8631898,384.0317536,115.2024077,314.3022157,239.1777798,323.4954451,334.9458694,314.4541549,117.0124819,446.3373184,102.6646803,301.3266182,237.7955245,275.1938246,433.8274477,258.5598374,124.9640653,291.05896,250.2590368,285.1528358,340.1891328,270.267296,121.3578797,271.1394694,109.6369555,288.9676858,116.6835782,294.2179296,97.47764608
280.6409645,34.81552128,317.0184326,415.7225037,383.5182573,115.6274797,314.3060109,238.9624403,323.6606214,334.6730611,315.1528166,117.0891571,445.5381011,103.785095,301.4247891,237.644768,275.2493094,433.8057421,255.2571872,125.2836992,291.0431482,250.3281024,285.0609587,340.4462054,270.1079558,121.2599181,261.1173632,111.0050202,289.3575667,116.791344,293.931961,97.7528
280.0710675,34.99885568,317.0123482,415.624304,382.8093722,116.1649325,314.4452858,238.6754227,323.8704301,334.3804166,315.9771347,117.0168685,444.3634413,104.9633024,301.4730451,237.4205018,275.2972986,433.7935827,251.5853312,125.6301882,290.9413907,250.331936,284.9975398,340.7195091,269.8230554,121.1088941,250.6160352,112.4023821,289.5620538,116.8590163,293.7157824,97.96688064
279.5066074,35.29773696,316.9992064,415.581961,381.925392,116.8120576,314.7316934,238.3592986,324.1174317,334.1063501,316.8518637,116.8281939,442.8427507,106.1874771,301.484585,237.1529005,275.333271,433.7976358,247.6438714,125.9928512,290.7712934,250.2842714,284.9784467,341.0021402,269.4591142,120.8958054,239.9547002,113.8105773,289.6097754,116.8775174,293.6198426,98.1030272
279.0237043,35.667648,316.990032,415.6011674,380.9013747,117.560768,315.1558688,238.0648806,324.3870163,333.8912582,317.7001952,116.5689088,441.0245517,107.4569702,301.4789773,236.8801882,275.3542707,433.8218118,243.5555456,126.3645555,290.5584147,250.2116205,285.0149728,341.2857056,269.0739251,120.6201933,229.4317434,115.2275469,289.5579149,116.8415072,293.6890029,98.15448768
278.6761664,36.04854592,316.993408,415.6782342,379.7787091,118.398247,315.688553,237.8401946,324.6578982,333.7685773,318.4544179,116.2859725,438.9632032,108.778343,301.4766502,236.6397856,275.3591917,433.8660051,239.4458771,126.746521,290.3294182,250.1455878,285.1115987,341.5594483,268.7223245,120.2890778,219.3021011,116.6676333,289.4753075,116.750336,293.9526368,98.12301632
278.4895322,36.37969984,317.0133402,415.800009,378.5948947,119.3074797,316.2850189,237.719879,324.9041747,333.7566758,319.0633581,116.0170746,436.7069626,110.1591872,301.4931296,236.4596941,275.34832,433.9251424,235.4241178,127.1489715,290.1057626,250.1139258,285.2650067,341.8102643,268.4440038,119.914665,209.7638701,118.1577683,289.4233133,116.607895,294.415703,98.01647168
278.461895,36.61396032,317.0482253,415.945511,377.3744966,120.267792,316.891575,237.7177811,325.0984954,333.8539315,319.496441,115.78392,434.2894746,111.6016006,301.5344621,236.3526534,275.3221894,433.9890195,231.570816,127.5877382,289.8994445,250.1331328,285.4638291,342.0233152,268.2574272,119.5110323,200.953655,119.7299955,289.440384,116.4215853,295.0536922,97.84656512
278.5701946,36.72786688,317.091465,416.0888672,376.1243821,121.2560275,317.4534605,237.824631,325.215111,334.0388486,319.7450829,115.590935,431.7281722,113.0979155,301.5953254,236.314697,275.2801133,434.0431309,227.9342842,128.0792237,289.710903,250.204697,285.6895827,342.1836474,268.16,119.0922163,192.9492762,121.413193,289.5345306,116.2008666,295.8135603,97.6273728
278.7792397,36.72458624,317.1334074,416.2034509,374.834633,122.2486496,317.9232218,238.0116269,325.2334214,334.2744634,319.8227117,115.4278182,429.0292742,114.62944,301.6604045,236.327591,275.2194784,434.0708544,224.5362093,128.6363981,289.5289421,250.3152845,285.9186362,342.278137,268.1329344,118.6712646,185.7769395,123.225632,289.6856307,115.9559629,296.6214182,97.37445824
279.0506362,36.62933376,317.1643258,416.2664128,373.4841536,123.2242202,318.2684518,238.2383731,325.1415251,334.5153619,319.7627066,115.2751923,426.1971667,116.1695859,301.7089274,236.3646317,275.1362419,434.0565875,221.3822938,129.2660525,289.3331526,250.4402541,286.1249926,342.2978022,268.1481933,118.2603456,179.4210432,125.170441,289.8554803,115.6973267,297.3954202,97.10418688
279.3500134,36.47991168,317.1774867,416.2629414,372.0489504,124.1665651,318.4772109,238.4628294,324.9394989,334.7156141,319.6138381,115.1114272,423.2443616,117.6888275,301.7207334,236.3980864,275.0267411,433.9896774,218.4734726,129.9679181,289.0989491,250.5497933,286.283913,342.2396851,268.1755827,117.8708646,173.8352205,127.2342682,290.0016211,115.4354477,298.0603219,96.83307648
279.6512032,36.31443008,317.171383,416.1890509,370.5101011,125.066681,318.5589984,238.6516954,324.6409606,334.8366931,319.4322586,114.919319,420.1977158,119.160919,301.682224,236.4067078,274.8900416,433.867712,215.8133318,130.7338714,288.8049126,250.6166266,286.3761709,342.1086886,268.1890867,117.512665,168.953209,129.3886566,290.0903322,115.1815795,298.5605811,96.57684352
279.9374963,36.160736,317.1500589,416.0521888,368.8596346,125.9225082,318.5410118,238.7880704,324.2728422,334.8555757,319.2710304,114.692192,417.0989229,120.5673216,301.5901184,236.3819501,274.7298624,433.6983392,213.4107206,131.5478515,288.4405709,250.6238176,286.3918874,341.9180109,268.1718445,117.1933363,164.6990586,131.5931322,290.1051328,114.9484256,298.8686368,96.3493728
280.2004621,36.02943424,317.1220205,415.8693792,367.1033478,126.7373274,318.4609222,238.8749696,323.8719174,334.7716333,319.1694451,114.4375232,413.9986419,121.899223,301.4525222,236.331673,274.5556256,433.4986688,211.2779616,132.3867418,288.012295,250.5710221,286.3335994,341.6883469,268.1193542,116.9169997,160.9955981,133.7996672,290.0497248,114.7503661,298.9876173,96.16176576
280.4368403,35.91270464,317.0980832,415.6635667,365.2602003,127.5166323,318.3584211,238.9345171,323.4791181,334.6110534,319.145088,114.1779712,410.9471514,123.1572723,301.2872314,236.2796019,274.3819808,433.292503,209.4274522,133.2224653,287.5446509,250.4764557,286.2169837,341.444969,268.0404666,116.6843411,157.7708339,135.9577939,289.9452403,114.6031187,298.9477158,96.0213472
280.6445312,35.7892992,317.0886419,415.4590227,363.3577344,128.2651904,318.2678797,239.0021517,323.1324384,334.4259072,319.1911315,113.9483264,407.9846957,124.3489075,301.1182406,236.2607955,274.2270662,433.1057549,207.8680422,134.0260314,287.0764352,250.3738784,286.0688589,341.2135885,267.955513,116.4925005,154.9617574,138.0201338,289.823952,114.5217517,298.7980269,95.93124416
280.8189965,35.63327808,317.10104,415.2772806,361.4256288,128.9856339,318.2131194,239.1189574,322.860489,334.286041,319.2793082,113.7890246,405.133705,125.4855347,300.9707258,236.3138963,274.1092493,432.9615494,206.6019437,134.7719571,286.6526413,250.3047942,285.9225082,341.0163117,267.892208,116.3357542,152.5152685,139.9478912,289.7208403,114.5182035,298.5951424,95.89042688
280.9510611,35.4244992,317.137184,415.1341722,359.4892499,129.6778867,318.2048416,239.3223955,322.6774214,334.264183,319.3674662,113.7362291,402.3962784,126.5800858,300.866089,236.4724352,274.0431021,432.8758906,205.6223488,135.4426957,286.3145062,250.3083802,285.811081,340.8686259,267.8793338,116.2062074,150.3866765,141.7154694,289.6655085,114.598007,298.3914758,95.89401216
281.0272979,35.15594496,317.1924781,415.0381568,357.5666426,130.3398515,318.2403949,239.6386336,322.581673,334.4176864,319.409561,113.8120653,399.7567366,127.6450349,300.8175853,236.7564013,274.0358541,432.8551386,204.9119565,136.0316467,286.0909843,250.4121587,285.7605741,340.7785037,267.9398534,116.0946272,148.5373114,143.312912,289.6753882,114.7581862,298.2260512,95.93437184
281.0330579,34.83718848,317.2562982,414.9899578,355.6700134,130.9680941,318.3058931,240.0769043,322.557335,334.7723962,319.3652915,114.0167616,397.190361,128.6911008,300.8275795,237.1670534,274.085159,432.895689,204.4428826,136.5433504,285.9934618,250.6256864,285.7842445,340.7470701,268.084297,115.9918592,146.932688,144.7455213,289.7518918,114.9860384,298.1193926,96.0025408
280.9573363,34.49230208,317.3140147,414.9832538,353.8108442,131.558151,318.3802221,240.6274413,322.5780102,335.3137018,319.2075155,114.3259046,394.6747206,129.7251514,300.887184,237.6853562,274.1792486,432.9856397,204.1780851,136.9913101,286.0144614,250.9388736,285.8800698,340.7701299,268.3066938,115.8903501,145.5427168,146.0295104,289.879799,115.2602765,298.0734445,96.08966848
280.79792,34.15416704,317.3501971,415.0063322,352.006569,132.1049882,318.4401894,241.2632563,322.6124954,335.9883309,318.9267347,114.69368,392.2018816,130.7479859,300.9781453,238.275223,274.2993357,433.1080531,204.0745542,137.3934554,286.1300659,251.3247872,286.0317229,340.8399584,268.5838701,115.7856371,144.3439386,147.1856691,290.0305939,115.5538938,298.0755232,96.18808768
280.5646707,33.85692608,317.3522758,415.0443936,350.2846144,132.6031878,318.4660147,241.944752,322.6305773,336.7159654,318.5320474,115.0617216,389.78672,131.7517088,301.0767744,238.8901517,274.4238854,433.244791,204.0875629,137.7669146,286.3048173,251.7459488,286.2129018,340.9466362,268.8791085,115.6774899,143.3223341,148.2321933,290.1691053,115.8385088,298.1044198,96.29192384
280.2797696,33.62873088,317.3136902,415.082359,348.6825178,133.047104,318.4456442,242.6264,322.6082611,337.4077414,318.0488589,115.3715136,387.4695206,132.7186202,301.1591533,239.4818118,274.5333862,433.3800314,204.1749952,138.1238176,286.4982221,252.1621325,286.3936806,341.0795405,269.1491507,115.5701446,142.4747469,149.1789626,290.2614022,116.0892102,298.1367494,96.39701824
279.9747661,33.4856416,317.2359654,415.1076224,347.2430803,133.4312442,318.3764838,243.2635878,322.5321197,337.9864883,317.5132371,115.577545,385.3114701,133.622055,301.2063405,240.008297,274.6143341,433.5026931,204.3006131,138.468208,286.6718291,252.5380326,286.5472602,341.2285805,269.3535616,115.471687,141.8068698,150.0248717,290.2819827,116.2882995,298.15176,96.5003968
279.685383,33.42880256,317.1288301,415.1125242,346.0055923,133.7507629,318.2641984,243.8191034,322.4011232,338.4030726,316.9643782,115.6572723,383.3836365,134.4301606,301.2081146,240.4407309,274.661255,433.6073683,204.4359968,138.7961197,286.7959021,252.8488922,286.6555021,341.3857459,269.4633101,115.3925702,141.3275526,150.758896,290.2180288,116.4276122,298.1339834,96.59984576
279.445801,33.44486208,317.0083046,415.0958349,344.9961472,134.0026854,318.1196403,244.2683027,322.2261811,338.6453248,316.4370726,115.6158067,381.7519379,135.1126861,301.1645126,240.7668307,274.6764563,433.6938285,204.5609472,139.0972518,286.8545152,253.083801,286.7121504,341.546135,269.467049,115.3435136,141.0411456,151.3651654,290.0701907,116.5087891,298.0740736,96.69384
279.2832947,33.50986496,316.8933869,415.0628947,344.2199706,134.1875456,317.9551123,244.6023558,322.0271302,338.7375258,315.9564589,115.4838182,380.4623411,135.6484986,301.0848237,240.9917638,274.6678925,433.7655354,204.6633722,139.3587494,286.8474579,253.2456397,286.7230413,341.7079738,269.3730355,115.3332518,140.9403226,151.829529,289.8509786,116.5420531,297.9689216,96.78176896
279.2140006,33.59523776,316.8020819,415.0242234,343.6587142,134.3109133,317.7815437,244.8285869,321.8284986,338.7309075,315.5360794,115.3096774,379.5297626,136.0322189,300.9845926,241.1350822,274.6461677,433.8275245,204.738407,139.5693587,286.7889216,253.348217,286.7036435,341.8712045,269.2067718,115.3658298,141.0016346,152.1465683,289.5815661,116.543808,297.8211974,96.86378496
279.2401312,33.67412544,316.7480467,414.9927424,343.2733536,134.3844224,317.6069638,244.9669459,321.6547014,338.6880109,315.1793286,115.1480102,378.933449,136.2768934,300.881424,241.2248422,274.6216205,433.8843155,204.7867584,139.7225952,286.7030528,253.4110643,286.674919,342.0349696,269.0050317,115.4384992,141.1846067,152.3242566,289.2884256,116.5330125,297.6389312,96.94061248
279.3491744,33.7263872,316.7385293,414.9805165,343.0125427,134.4246291,317.4364851,245.0437357,321.5260314,338.6651802,314.8832128,115.0478746,378.6209107,136.4116288,300.791111,241.289673,274.6021459,433.9381504,204.8121453,139.8182298,286.617527,253.4535219,286.6582874,342.1949389,268.8080595,115.540848,141.4350035,152.3846054,288.9995578,116.5271757,297.4345018,97.01232896
279.5158957,33.74115008,316.7740819,414.995575,342.8238298,134.4503405,317.2729875,245.0836755,321.4561082,338.6984256,314.6423149,115.0434874,378.5191347,136.474304,300.7246208,241.3512614,274.5920755,433.9883136,204.8181722,139.8619462,286.5571021,253.4898189,286.6710278,342.3420141,268.6513331,115.655975,141.6918086,152.3604582,288.7408256,116.5387725,297.2229574,97.07752256
279.706688,33.71643072,316.8496704,415.0397491,342.6652525,134.4784544,317.1180531,245.1031494,321.4508435,338.7959859,314.4516371,115.1489638,378.55072,136.5013888,300.686569,241.4190867,274.591904,434.0315533,204.805145,139.8628998,286.5382957,253.5264966,286.7225837,342.4632454,268.5585402,115.7635501,141.8970298,152.2878266,288.5319898,116.5725325,297.0197677,97.1323392
279.8855021,33.65707392,316.9564627,415.1079181,342.5141146,134.5191571,316.9727136,245.1057626,321.5083693,338.9383699,314.3076704,115.3569792,378.6515046,136.517639,300.6752589,241.4884378,274.5987891,434.0633395,204.767895,139.8302842,286.5662765,253.5623552,286.812153,342.5446317,268.5368922,115.844345,142.0066074,152.1964646,288.3832166,116.624489,296.8380736,97.17056256
280.0195501,33.57208256,317.0833971,415.1889229,342.3730086,134.572487,316.8380166,245.0812909,321.6199494,339.0850067,314.2077638,115.6414413,378.7857818,136.52832,300.683632,241.541767,274.6075629,434.0794086,204.6954726,139.7697446,286.6344454,253.5899546,286.9281389,342.5748256,268.5753632,115.8844378,142.000055,152.1004102,288.2929805,116.6823194,296.686592,97.18460096
280.0833894,33.47228992,317.2185709,415.2680397,342.2711942,134.6261978,316.7156218,245.0082208,321.7709734,339.1843034,314.1493037,115.9623334,378.9572909,136.5160749,300.7010842,241.5525626,274.61216,434.076729,204.5733261,139.6807482,286.7263603,253.5981939,287.0496371,342.5482176,268.6463738,115.8781818,141.8866541,151.9910432,288.2480813,116.7278291,296.5684128,97.16674816
280.0609779,33.3693696,317.349911,415.3303814,342.2631834,134.6565248,316.6080858,244.8590086,321.9429018,339.185047,314.1292192,116.2724685,379.2131424,136.4429094,300.7152941,241.4909171,274.6070669,434.0538886,204.3881414,139.5550157,286.8196294,253.5746195,287.149792,342.4668314,268.7106323,115.8289338,141.7071533,151.8347168,288.2267949,116.7402266,296.4813997,97.111168
279.9456026,33.27541376,317.465801,415.3645709,342.4234387,134.6308134,316.5189555,244.6071245,322.1154784,339.0464403,314.1443059,116.524544,379.6405792,136.257095,300.7142067,241.329632,274.5887187,434.0107725,204.1347693,139.377136,286.8907738,253.5072896,287.2010419,342.3402022,268.7246515,115.746727,141.530857,151.5753171,288.2039642,116.7003629,296.4196966,97.01580032
279.7387885,33.20365888,317.5556755,415.3656294,342.8383635,134.5120621,316.4525222,244.2337798,322.2698214,338.7454413,314.1921997,116.6782381,380.3566739,135.9023283,300.6877139,241.0495565,274.5564653,433.9481446,203.8233946,139.126663,286.920185,253.3862304,287.1809581,342.1837043,268.6500928,115.6450656,141.4495942,151.1421965,288.1572531,116.5946195,296.3755795,96.88373568
279.4486618,33.16852544,317.6109696,415.3364275,343.5954669,134.2641446,316.4130784,243.7333491,322.3915098,338.28104,314.27248,116.7061997,381.4922714,135.328064,300.6291578,240.6438637,274.5130349,433.8673594,203.4854125,138.7816621,286.8962477,253.2045171,287.0775226,342.0158195,268.4628294,115.536537,141.5703962,150.461159,288.072777,116.4178086,296.3414003,96.72340416
279.088745,33.18466176,317.6264192,415.2873517,344.7706982,133.8569261,316.4039232,243.1153491,322.4733734,337.6750374,314.3877408,116.5976717,383.1726458,134.4973754,300.5361747,240.1199533,274.4646451,433.7705037,203.176041,138.3225632,286.8172838,252.9591942,286.8926618,341.8551443,268.160057,115.42984,142.0087622,149.4670106,287.9484749,116.17424,296.3104819,96.54758464
278.6771776,33.26492288,317.6011085,415.2341274,346.4156723,133.2703398,316.4257811,242.4035264,322.5167085,336.969223,314.5439149,116.3599398,385.4973984,133.392105,300.4108813,239.4992448,274.420185,433.6609747,202.9731558,137.7355955,286.6911315,252.6518822,286.6424749,341.7175482,267.7631187,115.3286362,142.8838918,148.1147002,287.7946662,115.876999,296.2771795,96.37138368
278.2367514,33.41751104,317.5389293,415.194464,348.5464858,132.4969862,316.4746854,241.6319846,322.5308608,336.2190054,314.7494886,116.0168454,388.5229491,132.0142746,300.2587322,238.8147738,274.3900109,433.5441018,202.9720685,137.0147322,286.5325734,252.2888371,286.3541792,341.6140365,267.3149299,115.2332685,144.31592,146.3872531,287.6310541,115.5456544,296.2359238,96.20975488
277.7948,33.64330304,317.4481581,415.1839635,351.137047,131.5430829,316.5400698,240.8399392,322.5303648,335.484009,315.0135994,115.6048205,392.2500992,130.3843686,300.0869754,238.107033,274.3840026,433.4275821,203.277321,136.1627962,286.3593101,251.8803981,286.0601427,341.5494726,266.8716813,115.1445773,146.4247322,144.2990496,287.4816134,115.2036666,296.1802291,96.07559232
277.3822592,33.93375424,317.3401645,415.2123738,354.1192627,130.4275514,316.6039469,240.0667571,322.5310515,334.8179437,315.3425792,115.1674272,396.619072,128.5379027,299.9030688,237.418976,274.4097139,433.321209,203.9928819,135.1915744,286.1884883,251.4401626,285.7907488,341.5222739,266.491127,115.0688934,149.3288614,141.8941882,287.3687174,114.875984,296.1021805,95.97915648
277.0311354,34.2705536,317.2276307,415.2808858,357.3902131,129.1796493,316.642151,239.3479155,322.5460813,334.2602157,315.73576,114.7495654,401.5126803,126.5202714,299.7140122,236.7910387,274.4705389,433.2355878,205.2124211,134.1210938,286.034889,250.9843066,285.5681613,341.5247347,266.2202266,115.0217818,153.1428909,139.2396544,287.308407,114.5870208,295.9930995,95.92781056
276.770649,34.62669376,317.1228787,415.3814317,360.8244326,127.8357696,316.6283418,238.7131117,322.5832365,333.8320352,316.1818694,114.3917082,406.7679974,124.3811034,299.527168,236.257591,274.5648768,433.1799891,207.01128,132.979088,285.9115411,250.5313491,285.4030035,341.5438842,266.0863878,115.0287629,157.9716589,136.4160922,287.3082733,114.3589786,295.8453754,95.92609408
276.6233254,34.96837632,317.036457,415.4980851,364.2885971,126.4348224,316.5397069,238.1853869,322.6439667,333.537216,316.6571424,114.1250989,412.1943283,122.1688845,299.3521312,235.8446502,274.6861459,433.1597709,209.4405747,131.7988589,285.8323482,250.1022912,285.2944371,341.5628051,266.0947418,115.1212314,163.8999936,133.5071565,287.3680499,114.2095565,295.6550598,95.97469312
276.6025734,35.25886528,316.9762611,415.6105139,367.655792,125.0146483,316.3633728,237.7814483,322.7246477,333.3662035,317.1265984,113.9679334,417.5947955,119.9266432,299.2024992,235.5688858,274.8237613,433.1744864,212.5236128,130.6168365,285.8146669,249.7201158,285.2332877,341.5629581,266.231575,115.3288269,170.9778214,130.5905152,287.4821472,114.1492461,295.4245568,96.06903104
276.7121504,35.46325696,316.9470214,415.6985094,370.8174131,123.6087034,316.101456,237.5117875,322.8189088,333.3013152,317.548599,113.9233402,422.7873229,117.6902771,299.0961645,235.4375078,274.9647142,433.2173728,216.2525562,129.4692614,285.8796499,249.4083597,285.2062227,341.5270995,266.4724352,115.670471,179.2016602,127.732048,287.6429555,114.1783526,295.1646995,96.19777664
276.9472883,35.55408448,316.9501498,415.746393,373.6911008,122.2447206,315.7731629,237.3800659,322.9196928,333.3215904,317.8814694,113.9797971,427.6207731,115.4890061,299.0533254,235.4479981,275.0954438,433.2767962,220.5837248,128.3880614,286.048393,249.187641,285.1996806,341.4427565,266.791191,116.1470413,188.4954835,124.983063,287.8433798,114.2852019,294.8949434,96.34304064
277.2966957,35.5171968,316.9837952,415.7462976,376.224327,120.9444806,315.4131315,237.382393,323.0207827,333.4062957,318.0905914,114.1148755,431.9839098,113.3478547,299.092121,235.5881498,275.203552,433.339081,225.4308698,127.3971174,286.3353158,249.0714643,285.202656,341.3048934,267.1667098,116.7378618,198.6956787,122.3809434,288.0778125,114.4466784,294.6411322,96.48246784
277.7446176,35.3555296,317.0428659,415.6994822,378.3940506,119.7249984,315.0655174,237.5063706,323.1172179,333.5366246,318.154087,114.3005754,435.8073427,111.2908557,299.2232896,235.8361818,275.2795789,433.3921626,230.6587789,126.5091706,286.7407802,249.0619853,285.208073,341.1175155,267.5849722,117.402649,209.5448115,119.9515149,288.3411405,114.63192,294.430752,96.59324672
278.2721709,35.09033216,317.1195411,415.6155398,380.202217,118.6007693,314.7752762,237.7306746,323.2051085,333.6956403,318.0661581,114.5092774,439.0602874,109.3440627,299.4455149,236.1621478,275.3182605,433.4284589,236.082249,125.7260896,287.2465325,249.1480256,285.2130317,340.8934592,268.0358125,118.0885312,220.6983565,117.7132416,288.6261562,114.8087693,294.2866138,96.65737152
278.8576506,34.75852992,317.2042086,415.5097869,381.6694643,117.5858688,314.5785901,238.0260083,323.2814406,333.8674739,317.838135,114.718208,441.7444608,107.5373459,299.7434618,236.5303424,275.3195002,433.4462739,241.4755437,125.0423053,287.8160666,249.3060685,285.2179526,340.652199,268.5071757,118.7402342,231.7456819,115.68264,288.9211846,114.9506381,294.2211533,96.66618368
279.475632,34.40582272,317.2869875,415.3994944,382.8281402,116.6949082,314.4949344,238.3575437,323.3440397,334.0369037,317.497463,114.9111558,443.8874816,105.9043885,300.0894355,236.9032672,275.288391,433.4490874,246.593952,124.4509504,288.4004019,249.5047763,285.2252576,340.4160499,268.9801408,119.3111802,242.2447968,113.8785555,289.2094042,115.0422285,294.2332646,96.62239104
280.096073,34.077072,317.3594477,415.299959,383.7162016,115.9414291,314.5227814,238.6895373,323.3917235,334.190407,317.0849798,115.078087,445.5366138,104.4791034,300.448551,237.2468186,275.2343181,433.4433171,251.204624,123.9490125,288.9479827,249.7115328,285.2375795,340.2054406,269.4283104,119.7716525,251.7681696,112.3233414,289.4709587,115.0817491,294.3087194,96.53869632
280.6847002,33.80649536,317.4162291,415.2214048,384.373207,115.3346637,314.640064,238.9904787,323.4246061,334.3181421,316.6495898,115.2137376,446.7527008,103.2901766,300.7857325,237.5354765,275.1689914,433.435545,255.1198579,123.5381696,289.4159507,249.8991776,285.2562144,340.0348474,269.8225978,120.1121139,259.9538042,111.038551,289.6875763,115.0788115,294.4240186,96.43386816
281.206112,33.6110688,317.455673,415.1676179,384.8379898,114.8755264,314.8099898,239.2379763,323.4445574,334.4153978,316.2406733,115.3165818,447.6047514,102.3541261,301.0727309,237.7559283,275.1039693,433.4303853,258.2250976,123.2213594,289.7788237,250.0505069,285.2800749,339.9104115,270.1391603,120.341225,266.5548896,110.036583,289.8476602,115.0497818,294.5522496,96.32751488
281.6300198,33.48957056,317.4794387,415.136423,385.1478957,114.554329,314.9907302,239.4216922,323.4545901,334.4826701,315.898857,115.3882214,448.1649402,101.669655,301.2929728,237.9075238,275.0483706,433.4294317,260.4953197,122.9970554,290.0319098,250.1593018,285.3058624,339.8298643,270.3668787,120.479927,271.4789581,109.311943,289.949913,115.0117114,294.6694758,96.23535168
281.9388768,33.42685696,317.4914362,415.1218893,385.3385165,114.3508909,315.1465606,239.5429613,323.4584806,334.5243834,315.6478118,115.4329299,448.5038374,101.214905,301.4432525,237.9999923,275.0073434,433.4317587,261.9957542,122.8551482,290.1883507,250.2285197,285.3292653,339.7846605,270.5104448,120.5540467,274.8069574,108.8367078,290.0035098,114.9775693,294.7599795,96.16645824
282.1339034,33.40183232,317.4961664,415.1170918,385.4433062,114.2377088,315.2567482,239.6123885,323.4593965,334.5470426,315.4899981,115.4571533,448.6868288,100.948944,301.5321158,238.0487443,274.9816134,433.4352397,262.8658106,122.7775955,290.2720454,250.2667046,285.346832,339.7633741,270.5874253,120.5879974,276.782112,108.5626605,290.0243187,114.9538419,294.8184774,96.1226272
282.2354317,33.39534784,317.4974061,415.1164435,385.4922483,114.1848755,315.3188512,239.6453856,323.4593581,334.5573997,315.4088019,115.4679872,448.7707904,100.818672,301.5756986,238.0700685,274.9684333,433.4380531,263.2878874,122.7426528,290.3092576,250.2842522,285.3573037,339.7554016,270.6210707,120.6006624,277.7622797,108.4302522,290.0287245,114.9409485,294.8491098,96.09973888
282.275696,33.3948896,317.4975014,415.1167584,385.5101395,114.1657254,315.344944,239.6574784,323.4592435,334.561081,315.3771213,115.471687,448.8010022,100.7692717,301.592121,238.0772397,274.9633024,433.4395123,263.4462739,122.73056,290.3220749,250.2905082,285.3619002,339.7532083,270.6322291,120.6042483,278.13776,108.3806227,290.0281715,114.9357984,294.8612211,96.09065984
282.2863008,33.39523328,317.497463,415.1169491,385.5146406,114.1610336,315.3520966,239.6604538,323.4592058,334.5619776,315.3689005,115.4725267,448.8084032,100.7566835,301.596279,238.07888,274.9619866,433.4399699,263.4862899,122.7277376,290.3250694,250.2920154,285.3632352,339.7528269,270.6347085,120.6048966,278.234329,108.3681107,290.027504,114.9344634,294.8643872,96.08825664
282.287655,33.39530944,317.4974438,415.1169875,385.515175,114.1604614,315.3530502,239.6607968,323.4592058,334.5620915,315.3678701,115.4726413,448.8093184,100.7551194,301.5967942,238.0790714,274.961815,433.4400365,263.4912678,122.7274323,290.3254125,250.2921869,285.3634074,339.7527885,270.6349754,120.6049728,278.2465363,108.3665466,290.0273702,114.9342726,294.8647878,96.08795136